EDGEitems;iea_product;iea_flows;REMINDitems_in;REMINDitems_out;REMINDitems_tech;Weight;Comment
;ADDITIVE;AGRICULT;seliqfos;fehoi;tdfoshoi;1;
;ANTCOAL;AGRICULT;sesofos;fesoi;tdfossoi;1;
;AVGAS;AGRICULT;seliqfos;fehoi;tdfoshoi;1;
;BIODIESEL;AGRICULT;seliqbio;fehoi;tdbiohoi;1;
;BIOGASES;AGRICULT;segabio;fegai;tdbiogai;1;
;BIOGASOL;AGRICULT;seliqbio;fehoi;tdbiohoi;1;
;BITCOAL;AUTOCHP;pecoal;seel;coalchp;-1;
;BITUMEN;AGRICULT;seliqfos;fehoi;tdfoshoi;1;
;BKB;AGRICULT;sesofos;fesoi;tdfossoi;1;
;BLFURGS;AGRICULT;segafos;fegai;tdfosgai;1;
;BROWN;AGRICULT;sesofos;fesoi;tdfossoi;1;
;CHARCOAL;AGRICULT;sesobio;fesoi;tdbiosoi;1;
;COALTAR;AGRICULT;seliqfos;fehoi;tdfoshoi;1;
;COKCOAL;AGRICULT;sesofos;fesoi;tdfossoi;1;
;COKEOVGS;AGRICULT;segafos;fegai;tdfosgai;1;
;CRNGFEED;AGRICULT;seliqfos;fehoi;tdfoshoi;1;
;CRUDEOIL;AGRICULT;seliqfos;fehoi;tdfoshoi;1;
;ELECTR;AGRICULT;seel;feeli;tdeli;1;
;ETHANE;AGRICULT;seliqfos;fehoi;tdfoshoi;1;
;GASCOKE;AGRICULT;sesofos;fesoi;tdfossoi;1;
;GASWKSGS;AGRICULT;segafos;fegai;tdfosgai;1;
;GEOTHERM;AGRICULT;seel;feeli;tdeli;0.3;
;HARDCOAL;AGRICULT;sesofos;fesoi;tdfossoi;1;
;HEAT;AGRICULT;sehe;fehei;tdhei;1;
;INDWASTE;AGRICULT;sesobio;fesoi;tdbiosoi;1;
;JETGAS;AGRICULT;seliqfos;fehoi;tdfoshoi;1;
;LIGNITE;AGRICULT;sesofos;fesoi;tdfossoi;1;
;LPG;AGRICULT;seliqfos;fehoi;tdfoshoi;1;
;LUBRIC;AGRICULT;seliqfos;fehoi;tdfoshoi;1;
;MUNWASTEN;AGRICULT;sesobio;fesoi;tdbiosoi;1;
;MUNWASTER;AGRICULT;sesobio;fesoi;tdbiosoi;1;
;NAPHTHA;AGRICULT;seliqfos;fehoi;tdfoshoi;1;
;NATGAS;AGRICULT;segafos;fegai;tdfosgai;1;
;NGL;AGRICULT;seliqfos;fehoi;tdfoshoi;1;
;NONBIODIES;AGRICULT;seliqfos;fehoi;tdfoshoi;1;
;NONBIOGASO;AGRICULT;seliqfos;fehoi;tdfoshoi;1;
;NONBIOJETK;AGRICULT;seliqfos;fehoi;tdfoshoi;1;
;NONCRUDE;AGRICULT;seliqfos;fehoi;tdfoshoi;1;
;OBIOLIQ;AGRICULT;seliqbio;fehoi;tdbiohoi;1;
;OGASES;AGRICULT;segafos;fegai;tdfosgai;1;
;OILSHALE;AGRICULT;sesofos;fesoi;tdfossoi;1;
;ONONSPEC;AGRICULT;seliqfos;fehoi;tdfoshoi;1;
;OTHKERO;AGRICULT;seliqfos;fehoi;tdfoshoi;1;
;OVENCOKE;AGRICULT;sesofos;fesoi;tdfossoi;1;
;PARWAX;AGRICULT;seliqfos;fehoi;tdfoshoi;1;
;BITCOAL;AUTOCHP;pecoal;sehe;coalchp;-1;
;PEAT;AGRICULT;sesofos;fesoi;tdfossoi;1;
;PEATPROD;AGRICULT;sesofos;fesoi;tdfossoi;1;
;PETCOKE;AGRICULT;sesofos;fesoi;tdfossoi;1;
;PRIMSBIO;AGRICULT;sesobio;fesoi;tdbiosoi;1;
;REFFEEDS;AGRICULT;seliqfos;fehoi;tdfoshoi;1;
;REFINGAS;AGRICULT;seliqfos;fehoi;tdfoshoi;1;
;RENEWNS;AGRICULT;sesobio;fesoi;tdbiosoi;1;
;RESFUEL;AGRICULT;seliqfos;fehoi;tdfoshoi;1;
;SOLARTH;AGRICULT;sehe;fehei;tdhei;0;
;SUBCOAL;AGRICULT;sesofos;fesoi;tdfossoi;1;
;WHITESP;AGRICULT;seliqfos;fehoi;tdfoshoi;1;
;ANTCOAL;AUTOCHP;pecoal;seel;coalchp;-1;
;ANTCOAL;AUTOCHP;pecoal;sehe;coalchp;-1;
;BIODIESEL;AUTOCHP;pebiolc;seel;biochp;-1;
;BIODIESEL;AUTOCHP;pebiolc;sehe;biochp;-1;
;BIOGASES;AUTOCHP;pebiolc;seel;biochp;-1;
;BIOGASES;AUTOCHP;pebiolc;sehe;biochp;-1;
;BIOGASOL;AUTOCHP;pebiolc;seel;biochp;-1;
;BIOGASOL;AUTOCHP;pebiolc;sehe;biochp;-1;
;BITCOAL;EPOWERPLT;pecoal;seel;coalchp;0;
;BITCOAL;MAINCHP;pecoal;seel;coalchp;-1;
;BKB;AUTOCHP;pecoal;seel;coalchp;-1;
;BKB;AUTOCHP;pecoal;sehe;coalchp;-1;
;BLFURGS;AUTOCHP;sesofos;fesoi;tdfossoi;1.667;
;BLFURGS;AUTOCHP;pecoal;seel;coalchp;-1.6667;We add the solids used in TBLASTFUR TGASWKS TCOKEOVS and producing gas which is used in the production of electricity The coefficient converts gas in solids
;BLFURGS;AUTOCHP;pecoal;segafos;coalgas;1.667;
;BLFURGS;AUTOCHP;pecoal;sehe;coalchp;-1.6667;We add the solids used in TBLASTFUR TGASWKS TCOKEOVS and producing gas which is used in the production of heat The coefficient converts gas in solids
;BLFURGS;AUTOCHP;pecoal;sesofos;coaltr;1.6667;
;BROWN;AUTOCHP;pecoal;seel;coalchp;-1;
;BROWN;AUTOCHP;pecoal;sehe;coalchp;-1;
;COALTAR;AUTOCHP;pecoal;seel;coalchp;-1;
;COALTAR;AUTOCHP;pecoal;sehe;coalchp;-1;
;COKCOAL;AUTOCHP;pecoal;seel;coalchp;-1;
;COKCOAL;AUTOCHP;pecoal;sehe;coalchp;-1;
;COKEOVGS;AUTOCHP;sesofos;fesoi;tdfossoi;0;
;COKEOVGS;AUTOCHP;pecoal;seel;coalchp;-1.6667;We add the solids used in TBLASTFUR TGASWKS TCOKEOVS and producing gas which is used in the production of electricity The coefficient converts gas in solids
;COKEOVGS;AUTOCHP;pecoal;segafos;coalgas;1.667;
;COKEOVGS;AUTOCHP;pecoal;sehe;coalchp;-1.6667;We add the solids used in TBLASTFUR TGASWKS TCOKEOVS and producing gas which is used in the production of heat The coefficient converts gas in solids
;COKEOVGS;AUTOCHP;pecoal;sesofos;coaltr;1.6667;
;GASCOKE;AUTOCHP;pecoal;seel;coalchp;-1;
;GASCOKE;AUTOCHP;pecoal;sehe;coalchp;-1;
;GASWKSGS;AUTOCHP;sesofos;fesoi;tdfossoi;0;
;GASWKSGS;AUTOCHP;pecoal;seel;coalchp;-1.6667;We add the solids used in TBLASTFUR TGASWKS TCOKEOVS and producing gas which is used in the production of electricity The coefficient converts gas in solids
;GASWKSGS;AUTOCHP;pecoal;segafos;coalgas;1.667;
;GASWKSGS;AUTOCHP;pecoal;sehe;coalchp;-1.6667;We add the solids used in TBLASTFUR TGASWKS TCOKEOVS and producing gas which is used in the production of heat The coefficient converts gas in solids
;GASWKSGS;AUTOCHP;pecoal;sesofos;coaltr;0;
;GEOTHERM;AUTOCHP;pegeo;seel;geohdr;-1;
;HARDCOAL;AUTOCHP;pecoal;seel;coalchp;-1;
;HARDCOAL;AUTOCHP;pecoal;sehe;coalchp;-1;
;INDWASTE;AUTOCHP;pebiolc;seel;biochp;-1;
;INDWASTE;AUTOCHP;pebiolc;sehe;biochp;-1;
;LIGNITE;AUTOCHP;pecoal;seel;coalchp;-1;
;LIGNITE;AUTOCHP;pecoal;sehe;coalchp;-1;
;MUNWASTEN;AUTOCHP;pebiolc;seel;biochp;-1;
;MUNWASTEN;AUTOCHP;pebiolc;sehe;biochp;-1;
;MUNWASTER;AUTOCHP;pebiolc;seel;biochp;-1;
;MUNWASTER;AUTOCHP;pebiolc;sehe;biochp;-1;
;NATGAS;AUTOCHP;pegas;seel;gaschp;-1;
;NATGAS;AUTOCHP;pegas;sehe;gaschp;-1;
;NUCLEAR;AUTOCHP;peur;seel;tnrs;-1;
;OGASES;AUTOCHP;sesofos;fesoi;tdfossoi;1.667;
;OGASES;AUTOCHP;pecoal;seel;coalchp;-1.6667;We add the solids used in TBLASTFUR TGASWKS TCOKEOVS and producing gas which is used in the production of electricity The coefficient converts gas in solids
;OGASES;AUTOCHP;pecoal;segafos;coalgas;1.667;
;OGASES;AUTOCHP;pecoal;sehe;coalchp;-1.6667;We add the solids used in TBLASTFUR TGASWKS TCOKEOVS and producing gas which is used in the production of heat The coefficient converts gas in solids
;OGASES;AUTOCHP;pecoal;sesofos;coaltr;1.6667;
;OVENCOKE;AUTOCHP;pecoal;seel;coalchp;-1;
;OVENCOKE;AUTOCHP;pecoal;sehe;coalchp;-1;
;BITCOAL;MAINCHP;pecoal;sehe;coalchp;-1;
;PATFUEL;AUTOCHP;pecoal;seel;coalchp;-1;
;PEAT;AUTOCHP;pecoal;seel;coalchp;-1;
;PEAT;AUTOCHP;pecoal;sehe;coalchp;-1;
;PEATPROD;AUTOCHP;pecoal;seel;coalchp;-1;
;PEATPROD;AUTOCHP;pecoal;sehe;coalchp;-1;
;PRIMSBIO;AUTOCHP;pebiolc;seel;biochp;-1;
;PRIMSBIO;AUTOCHP;pebiolc;sehe;biochp;-1;
;SUBCOAL;AUTOCHP;pecoal;seel;coalchp;-1;
;SUBCOAL;AUTOCHP;pecoal;sehe;coalchp;-1;
;ADDITIVE;AUTOELEC;peoil;seel;dot;-1;
;AVGAS;AUTOELEC;peoil;seel;dot;-1;
;BITUMEN;AUTOELEC;peoil;seel;dot;-1;
;CRNGFEED;AUTOELEC;peoil;seel;dot;-1;
;CRUDEOIL;AUTOELEC;peoil;seel;dot;-1;
;ETHANE;AUTOELEC;peoil;seel;dot;-1;
;JETGAS;AUTOELEC;peoil;seel;dot;-1;
;LPG;AUTOELEC;peoil;seel;dot;-1;
;LUBRIC;AUTOELEC;peoil;seel;dot;-1;
;NAPHTHA;AUTOELEC;peoil;seel;dot;-1;
;ANTCOAL;AUTOELEC;pecoal;seel;pc;-1;
;NGL;AUTOELEC;peoil;seel;dot;-1;
;NONBIODIES;AUTOELEC;peoil;seel;dot;-1;
;NONBIOGASO;AUTOELEC;peoil;seel;dot;-1;
;NONBIOJETK;AUTOELEC;peoil;seel;dot;-1;
;NONCRUDE;AUTOELEC;peoil;seel;dot;-1;
;ONONSPEC;AUTOELEC;peoil;seel;dot;-1;
;OTHKERO;AUTOELEC;peoil;seel;dot;-1;
;PARWAX;AUTOELEC;peoil;seel;dot;-1;
;PETCOKE;AUTOELEC;peoil;seel;dot;-1;
;REFFEEDS;AUTOELEC;peoil;seel;dot;-1;
;BIODIESEL;AUTOELEC;pebiolc;seel;bioigcc;-1;
;BIOGASES;AUTOELEC;pebiolc;seel;bioigcc;-1;
;BIOGASOL;AUTOELEC;pebiolc;seel;bioigcc;-1;
;PATFUEL;AUTOCHP;pecoal;sehe;coalchp;-1;
;REFINGAS;AUTOELEC;peoil;seel;dot;-1;
;RESFUEL;AUTOELEC;peoil;seel;dot;-1;
;WHITESP;AUTOELEC;peoil;seel;dot;-1;
;BKB;AUTOELEC;pecoal;seel;pc;-1;
;BLFURGS;AUTOELEC;sesofos;fesoi;tdfossoi;1.667;
;BLFURGS;AUTOELEC;pecoal;seel;pc;-1.6667;We add the solids used in TBLASTFUR TGASWKS TCOKEOVS and producing gas which is used in the production of electricity The coefficient converts gas in solids
;BLFURGS;AUTOELEC;pecoal;segafos;coalgas;1.667;
;BLFURGS;AUTOELEC;pecoal;sesofos;coaltr;1.6667;
;BROWN;AUTOELEC;pecoal;seel;pc;-1;
;COALTAR;AUTOELEC;pecoal;seel;pc;-1;
;COKCOAL;AUTOELEC;pecoal;seel;pc;-1;
;COKEOVGS;AUTOELEC;sesofos;fesoi;tdfossoi;0;
;COKEOVGS;AUTOELEC;pecoal;seel;pc;-1.6667;We add the solids used in TBLASTFUR TGASWKS TCOKEOVS and producing gas which is used in the production of electricity The coefficient converts gas in solids
;COKEOVGS;AUTOELEC;pecoal;segafos;coalgas;1.667;
;COKEOVGS;AUTOELEC;pecoal;sesofos;coaltr;1.6667;
;GASCOKE;AUTOELEC;pecoal;seel;pc;-1;
;GASWKSGS;AUTOELEC;sesofos;fesoi;tdfossoi;0;
;GASWKSGS;AUTOELEC;pecoal;seel;pc;-1.6667;We add the solids used in TBLASTFUR TGASWKS TCOKEOVS and producing gas which is used in the production of electricity The coefficient converts gas in solids
;GASWKSGS;AUTOELEC;pecoal;segafos;coalgas;1.667;
;GASWKSGS;AUTOELEC;pecoal;sesofos;coaltr;0;
;GEOTHERM;AUTOELEC;pegeo;seel;geohdr;-1;
;HARDCOAL;AUTOELEC;pecoal;seel;pc;-1;
;INDWASTE;AUTOELEC;pebiolc;seel;bioigcc;-1;
;LIGNITE;AUTOELEC;pecoal;seel;pc;-1;
;MUNWASTEN;AUTOELEC;pebiolc;seel;bioigcc;-1;
;MUNWASTER;AUTOELEC;pebiolc;seel;bioigcc;-1;
;NATGAS;AUTOELEC;pegas;seel;x_gas2elec;-1;
;NUCLEAR;AUTOELEC;peur;seel;tnrs;-1;
;OBIOLIQ;AUTOELEC;pebiolc;seel;bioigcc;-1;
;OGASES;AUTOELEC;sesofos;fesoi;tdfossoi;1.667;
;OGASES;AUTOELEC;pecoal;seel;pc;-1.6667;We add the solids used in TBLASTFUR TGASWKS TCOKEOVS and producing gas which is used in the production of electricity The coefficient converts gas in solids
;OGASES;AUTOELEC;pecoal;segafos;coalgas;1.667;
;OGASES;AUTOELEC;pecoal;sesofos;coaltr;1.6667;
;OVENCOKE;AUTOELEC;pecoal;seel;pc;-1;
;PATFUEL;EPOWERPLT;pecoal;seel;coalchp;0;
;PEAT;AUTOELEC;pecoal;seel;pc;-1;
;PEATPROD;AUTOELEC;pecoal;seel;pc;-1;
;PRIMSBIO;AUTOELEC;pebiolc;seel;bioigcc;-1;
;SUBCOAL;AUTOELEC;pecoal;seel;pc;-1;
;ANTCOAL;AUTOHEAT;pecoal;sehe;coalhp;-1;
;BIODIESEL;AUTOHEAT;pebiolc;sehe;biohp;-1;
;BIOGASES;AUTOHEAT;pebiolc;sehe;biohp;-1;
;BIOGASOL;AUTOHEAT;pebiolc;sehe;biohp;-1;
;PATFUEL;MAINCHP;pecoal;seel;coalchp;-1;
;BKB;AUTOHEAT;pecoal;sehe;coalhp;-1;
;BLFURGS;AUTOHEAT;sesofos;fesoi;tdfossoi;1.667;
;BLFURGS;AUTOHEAT;pecoal;segafos;coalgas;1.667;
;BLFURGS;AUTOHEAT;pecoal;sehe;coalhp;-1.6667;We add the solids used in TBLASTFUR TGASWKS TCOKEOVS and producing gas which is used in the production of heat The coefficient converts gas in solids
;BLFURGS;AUTOHEAT;pecoal;sesofos;coaltr;1.6667;
;BROWN;AUTOHEAT;pecoal;sehe;coalhp;-1;
;COALTAR;AUTOHEAT;pecoal;sehe;coalhp;-1;
;COKCOAL;AUTOHEAT;pecoal;sehe;coalhp;-1;
;COKEOVGS;AUTOHEAT;sesofos;fesoi;tdfossoi;0;
;COKEOVGS;AUTOHEAT;pecoal;segafos;coalgas;1.667;
;COKEOVGS;AUTOHEAT;pecoal;sehe;coalhp;-1.6667;We add the solids used in TBLASTFUR TGASWKS TCOKEOVS and producing gas which is used in the production of heat The coefficient converts gas in solids
;COKEOVGS;AUTOHEAT;pecoal;sesofos;coaltr;1.6667;
;GASCOKE;AUTOHEAT;pecoal;sehe;coalhp;-1;
;GASWKSGS;AUTOHEAT;sesofos;fesoi;tdfossoi;0;
;GASWKSGS;AUTOHEAT;pecoal;segafos;coalgas;1.667;
;GASWKSGS;AUTOHEAT;pecoal;sehe;coalhp;-1.6667;We add the solids used in TBLASTFUR TGASWKS TCOKEOVS and producing gas which is used in the production of heat The coefficient converts gas in solids
;GASWKSGS;AUTOHEAT;pecoal;sesofos;coaltr;0;
;GEOTHERM;AUTOHEAT;pegeo;sehe;geohe;-1;
;HARDCOAL;AUTOHEAT;pecoal;sehe;coalhp;-1;
;INDWASTE;AUTOHEAT;pebiolc;sehe;biohp;-1;
;LIGNITE;AUTOHEAT;pecoal;sehe;coalhp;-1;
;MUNWASTEN;AUTOHEAT;pebiolc;sehe;biohp;-1;
;MUNWASTER;AUTOHEAT;pebiolc;sehe;biohp;-1;
;NATGAS;AUTOHEAT;pegas;sehe;gashp;-1;
;OBIOLIQ;AUTOHEAT;pebiolc;seel;biochp;-1;
;OBIOLIQ;AUTOHEAT;pebiolc;sehe;biochp;-1;
;OBIOLIQ;AUTOHEAT;pebiolc;sehe;biohp;-1;
;OGASES;AUTOHEAT;sesofos;fesoi;tdfossoi;1.667;
;OGASES;AUTOHEAT;pecoal;segafos;coalgas;1.667;
;OGASES;AUTOHEAT;pecoal;sehe;coalhp;-1.6667;We add the solids used in TBLASTFUR TGASWKS TCOKEOVS and producing gas which is used in the production of heat The coefficient converts gas in solids
;OGASES;AUTOHEAT;pecoal;sesofos;coaltr;1.6667;
;OVENCOKE;AUTOHEAT;pecoal;sehe;coalhp;-1;
;PATFUEL;MAINCHP;pecoal;sehe;coalchp;-1;
;PEAT;AUTOHEAT;pecoal;sehe;coalhp;-1;
;PEATPROD;AUTOHEAT;pecoal;sehe;coalhp;-1;
;PRIMSBIO;AUTOHEAT;pebiolc;sehe;biohp;-1;
;SUBCOAL;AUTOHEAT;pecoal;sehe;coalhp;-1;
;ADDITIVE;AVBUNK;seliqfos;fedie;tdfosdie;-1;
;ADDITIVE;AVBUNK;seliqfos;fepet;tdfospet;0;
;AVGAS;AVBUNK;seliqfos;fedie;tdfosdie;-1;
;BIODIESEL;AVBUNK;seliqbio;fedie;tdbiodie;-1;
;BIOGASOL;AVBUNK;seliqbio;fedie;tdbiodie;-1;
;BITUMEN;AVBUNK;seliqfos;fedie;tdfosdie;-1;
;COALTAR;AVBUNK;seliqfos;fedie;tdfosdie;-1;
;CRNGFEED;AVBUNK;seliqfos;fedie;tdfosdie;-1;
;CRUDEOIL;AVBUNK;seliqfos;fedie;tdfosdie;-1;
;JETGAS;AVBUNK;seliqfos;fedie;tdfosdie;-1;
;LPG;AVBUNK;seliqfos;fedie;tdfosdie;-1;
;LUBRIC;AVBUNK;seliqfos;fedie;tdfosdie;-1;
;AVGAS;AVBUNK;seliqfos;fepet;tdfospet;0;
;NAPHTHA;AVBUNK;seliqfos;fedie;tdfosdie;-1;
;NGL;AVBUNK;seliqfos;fedie;tdfosdie;-1;
;NONBIODIES;AVBUNK;seliqfos;fedie;tdfosdie;-1;
;NONBIOGASO;AVBUNK;seliqfos;fedie;tdfosdie;-1;
;NONBIOJETK;AVBUNK;seliqfos;fedie;tdfosdie;-1;
;NONCRUDE;AVBUNK;seliqfos;fedie;tdfosdie;-1;
;OBIOLIQ;AVBUNK;seliqbio;fedie;tdbiodie;-1;
;ONONSPEC;AVBUNK;seliqfos;fedie;tdfosdie;-1;
;OTHKERO;AVBUNK;seliqfos;fedie;tdfosdie;-1;
;PARWAX;AVBUNK;seliqfos;fedie;tdfosdie;-1;
;BIODIESEL;AVBUNK;seliqbio;fepet;tdbiopet;0;
;REFFEEDS;AVBUNK;seliqfos;fedie;tdfosdie;-1;
;REFINGAS;AVBUNK;seliqfos;fedie;tdfosdie;-1;
;RESFUEL;AVBUNK;seliqfos;fedie;tdfosdie;-1;
;WHITESP;AVBUNK;seliqfos;fedie;tdfosdie;-1;
;BIOGASES;AVBUNK;segabio;fegat;tdbiogat;-1;
;BIOGASOL;AVBUNK;seliqbio;fepet;tdbiopet;0;
;BITUMEN;AVBUNK;seliqfos;fepet;tdfospet;0;
;ADDITIVE;AVBUNK;peoil;seliqfos;refliq;-1;
;AVGAS;AVBUNK;peoil;seliqfos;refliq;-1;
;BITUMEN;AVBUNK;peoil;seliqfos;refliq;-1;
;CRNGFEED;AVBUNK;peoil;seliqfos;refliq;-1;
;CRUDEOIL;AVBUNK;peoil;seliqfos;refliq;-1;
;ETHANE;AVBUNK;peoil;seliqfos;refliq;-1;
;JETGAS;AVBUNK;peoil;seliqfos;refliq;-1;
;LPG;AVBUNK;peoil;seliqfos;refliq;-1;
;LUBRIC;AVBUNK;peoil;seliqfos;refliq;-1;
;NAPHTHA;AVBUNK;peoil;seliqfos;refliq;-1;
;NGL;AVBUNK;peoil;seliqfos;refliq;-1;
;NONBIODIES;AVBUNK;peoil;seliqfos;refliq;-1;
;NONBIOGASO;AVBUNK;peoil;seliqfos;refliq;-1;
;NONBIOJETK;AVBUNK;peoil;seliqfos;refliq;-1;
;NONCRUDE;AVBUNK;peoil;seliqfos;refliq;-1;
;ONONSPEC;AVBUNK;peoil;seliqfos;refliq;-1;
;OTHKERO;AVBUNK;peoil;seliqfos;refliq;-1;
;PARWAX;AVBUNK;peoil;seliqfos;refliq;-1;
;PETCOKE;AVBUNK;peoil;seliqfos;refliq;-1;
;REFFEEDS;AVBUNK;peoil;seliqfos;refliq;-1;
;REFINGAS;AVBUNK;peoil;seliqfos;refliq;-1;
;RESFUEL;AVBUNK;peoil;seliqfos;refliq;-1;
;WHITESP;AVBUNK;peoil;seliqfos;refliq;-1;
;BLFURGS;AVBUNK;segafos;fegat;tdfosgat;-1;
;COALTAR;AVBUNK;seliqfos;fepet;tdfospet;0;
;COKEOVGS;AVBUNK;segafos;fegat;tdfosgat;-1;
;CRNGFEED;AVBUNK;seliqfos;fepet;tdfospet;0;
;CRUDEOIL;AVBUNK;seliqfos;fepet;tdfospet;0;
;ELECTR;AVBUNK;seel;feelt;tdelt;-1;
;GASWKSGS;AVBUNK;segafos;fegat;tdfosgat;-1;
;JETGAS;AVBUNK;seliqfos;fepet;tdfospet;0;
;LPG;AVBUNK;seliqfos;fepet;tdfospet;0;
;LUBRIC;AVBUNK;seliqfos;fepet;tdfospet;0;
;NAPHTHA;AVBUNK;seliqfos;fepet;tdfospet;0;
;NATGAS;AVBUNK;segafos;fegat;tdfosgat;-1;
;NGL;AVBUNK;seliqfos;fepet;tdfospet;0;
;NONBIODIES;AVBUNK;seliqfos;fepet;tdfospet;0;
;NONBIOGASO;AVBUNK;seliqfos;fepet;tdfospet;0;
;NONBIOJETK;AVBUNK;seliqfos;fepet;tdfospet;0;
;NONCRUDE;AVBUNK;seliqfos;fepet;tdfospet;0;
;OBIOLIQ;AVBUNK;seliqbio;fepet;tdbiopet;0;
;OGASES;AVBUNK;segafos;fegat;tdfosgat;-1;
;ONONSPEC;AVBUNK;seliqfos;fepet;tdfospet;0;
;OTHKERO;AVBUNK;seliqfos;fepet;tdfospet;0;
;PARWAX;AVBUNK;seliqfos;fepet;tdfospet;0;
;REFFEEDS;AVBUNK;seliqfos;fepet;tdfospet;0;
;REFINGAS;AVBUNK;seliqfos;fepet;tdfospet;0;
;RESFUEL;AVBUNK;seliqfos;fepet;tdfospet;0;
;WHITESP;AVBUNK;seliqfos;fepet;tdfospet;0;
;ADDITIVE;COMMPUB;seliqfos;fehob;tdfoshob;1;
;ANTCOAL;COMMPUB;sesofos;fesob;tdfossob;1;
;AVGAS;COMMPUB;seliqfos;fehob;tdfoshob;1;
;BIODIESEL;COMMPUB;seliqbio;fehob;tdbiohob;1;
;BIOGASES;COMMPUB;segabio;fegab;tdbiogab;1;
;BIOGASOL;COMMPUB;seliqbio;fehob;tdbiohob;1;
;BITCOAL;TCOALLIQ;pecoal;seliqfos;coalftrec;-1;
;BITUMEN;COMMPUB;seliqfos;fehob;tdfoshob;1;
;BKB;COMMPUB;sesofos;fesob;tdfossob;1;
;BLFURGS;COMMPUB;segafos;fegab;tdfosgab;1;
;BROWN;COMMPUB;sesofos;fesob;tdfossob;1;
;CHARCOAL;COMMPUB;sesobio;fesob;tdbiosob;1;
;COALTAR;COMMPUB;seliqfos;fehob;tdfoshob;1;
;COKCOAL;COMMPUB;sesofos;fesob;tdfossob;1;
;COKEOVGS;COMMPUB;segafos;fegab;tdfosgab;1;
;CRNGFEED;COMMPUB;seliqfos;fehob;tdfoshob;1;
;CRUDEOIL;COMMPUB;seliqfos;fehob;tdfoshob;1;
;ELECTR;COMMPUB;seel;feelb;tdelb;1;
;ETHANE;COMMPUB;seliqfos;fehob;tdfoshob;1;
;GASCOKE;COMMPUB;sesofos;fesob;tdfossob;1;
;GASWKSGS;COMMPUB;segafos;fegab;tdfosgab;1;
;GEOTHERM;COMMPUB;seel;feelb;tdelb;0.3;
;HARDCOAL;COMMPUB;sesofos;fesob;tdfossob;1;
;HEAT;COMMPUB;sehe;feheb;tdheb;1;
;INDWASTE;COMMPUB;sesobio;fesob;tdbiosob;1;
;JETGAS;COMMPUB;seliqfos;fehob;tdfoshob;1;
;LIGNITE;COMMPUB;sesofos;fesob;tdfossob;1;
;LPG;COMMPUB;seliqfos;fehob;tdfoshob;1;
;LUBRIC;COMMPUB;seliqfos;fehob;tdfoshob;1;
;MUNWASTEN;COMMPUB;sesobio;fesob;tdbiosob;1;
;MUNWASTER;COMMPUB;sesobio;fesob;tdbiosob;1;
;NAPHTHA;COMMPUB;seliqfos;fehob;tdfoshob;1;
;NATGAS;COMMPUB;segafos;fegab;tdfosgab;1;
;NGL;COMMPUB;seliqfos;fehob;tdfoshob;1;
;NONBIODIES;COMMPUB;seliqfos;fehob;tdfoshob;1;
;NONBIOGASO;COMMPUB;seliqfos;fehob;tdfoshob;1;
;NONBIOJETK;COMMPUB;seliqfos;fehob;tdfoshob;1;
;NONCRUDE;COMMPUB;seliqfos;fehob;tdfoshob;1;
;OBIOLIQ;COMMPUB;seliqbio;fehob;tdbiohob;1;
;OGASES;COMMPUB;segafos;fegab;tdfosgab;1;
;OILSHALE;COMMPUB;sesofos;fesob;tdfossob;1;
;ONONSPEC;COMMPUB;seliqfos;fehob;tdfoshob;1;
;OTHKERO;COMMPUB;seliqfos;fehob;tdfoshob;1;
;OVENCOKE;COMMPUB;sesofos;fesob;tdfossob;1;
;PARWAX;COMMPUB;seliqfos;fehob;tdfoshob;1;
;BITCOAL;AUTOHEAT;pecoal;sehe;coalhp;-1;
;PEAT;COMMPUB;sesofos;fesob;tdfossob;1;
;PEATPROD;COMMPUB;sesofos;fesob;tdfossob;1;
;PETCOKE;COMMPUB;sesofos;fesob;tdfossob;1;
;PRIMSBIO;COMMPUB;sesobio;fesob;tdbiosob;1;
;REFFEEDS;COMMPUB;seliqfos;fehob;tdfoshob;1;
;REFINGAS;COMMPUB;seliqfos;fehob;tdfoshob;1;
;RENEWNS;COMMPUB;sesobio;fesob;tdbiosob;1;
;RESFUEL;COMMPUB;seliqfos;fehob;tdfoshob;1;
;SOLARTH;COMMPUB;sehe;feheb;tdheb;0;
;SUBCOAL;COMMPUB;sesofos;fesob;tdfossob;1;
;WHITESP;COMMPUB;seliqfos;fehob;tdfoshob;1;
;ADDITIVE;DISTLOSS;seliqfos;fehoi;tdfoshoi;0;
;ADDITIVE;DISTLOSS;seliqfos;fepet;tdfospet;0;
;ANTCOAL;DISTLOSS;sesofos;feso;d_fesofos;-1;
;ANTCOAL;DISTLOSS;pecoal;sesofos;coaltr;-1;
;AVGAS;DISTLOSS;seliqfos;fehoi;tdfoshoi;0;
;AVGAS;DISTLOSS;seliqfos;fepet;tdfospet;0;
;BIODIESEL;DISTLOSS;seliqbio;fehoi;tdbiohoi;0;
;BIODIESEL;DISTLOSS;seliqbio;fepet;tdbiopet;0;
;ADDITIVE;DISTLOSS;seliqfos;fedie;tdfosdie;0;
;AVGAS;DISTLOSS;seliqfos;fedie;tdfosdie;0;
;BIODIESEL;DISTLOSS;seliqbio;fedie;tdbiodie;0;
;BIOGASOL;DISTLOSS;seliqbio;fedie;tdbiodie;0;
;BITUMEN;DISTLOSS;seliqfos;fedie;tdfosdie;0;
;BIOGASES;DISTLOSS;segabio;fega;d_fegabio;-1;
;BIOGASES;DISTLOSS;pebiolc;segabio;biogas;-1;
;COALTAR;DISTLOSS;seliqfos;fedie;tdfosdie;0;
;CRNGFEED;DISTLOSS;seliqfos;fedie;tdfosdie;0;
;BIOGASOL;DISTLOSS;seliqbio;fehoi;tdbiohoi;0;
;BIOGASOL;DISTLOSS;seliqbio;fepet;tdbiopet;0;
;CRUDEOIL;DISTLOSS;seliqfos;fedie;tdfosdie;0;
;JETGAS;DISTLOSS;seliqfos;fedie;tdfosdie;0;
;LPG;DISTLOSS;seliqfos;fedie;tdfosdie;0;
;LUBRIC;DISTLOSS;seliqfos;fedie;tdfosdie;0;
;NAPHTHA;DISTLOSS;seliqfos;fedie;tdfosdie;0;
;NGL;DISTLOSS;seliqfos;fedie;tdfosdie;0;
;NONBIODIES;DISTLOSS;seliqfos;fedie;tdfosdie;0;
;NONBIOGASO;DISTLOSS;seliqfos;fedie;tdfosdie;0;
;BITCOAL;EPOWERPLT;pecoal;sehe;coalhp;0;
;BITCOAL;MAINHEAT;pecoal;sehe;coalhp;-1;
;NONBIOJETK;DISTLOSS;seliqfos;fedie;tdfosdie;0;
;NONCRUDE;DISTLOSS;seliqfos;fedie;tdfosdie;0;
;BITUMEN;DISTLOSS;seliqfos;fehoi;tdfoshoi;-1;
;BITUMEN;DISTLOSS;seliqfos;fepet;tdfospet;0;
;OBIOLIQ;DISTLOSS;seliqbio;fedie;tdbiodie;0;
;ONONSPEC;DISTLOSS;seliqfos;fedie;tdfosdie;0;
;ADDITIVE;DISTLOSS;peoil;seliqfos;refliq;-1;
;AVGAS;DISTLOSS;peoil;seliqfos;refliq;-1;
;BITUMEN;DISTLOSS;peoil;seliqfos;refliq;-1;
;OTHKERO;DISTLOSS;seliqfos;fedie;tdfosdie;0;
;PARWAX;DISTLOSS;seliqfos;fedie;tdfosdie;0;
;REFFEEDS;DISTLOSS;seliqfos;fedie;tdfosdie;0;
;REFINGAS;DISTLOSS;seliqfos;fedie;tdfosdie;0;
;RESFUEL;DISTLOSS;seliqfos;fedie;tdfosdie;1;
;CRNGFEED;DISTLOSS;peoil;seliqfos;refliq;-1;
;CRUDEOIL;DISTLOSS;peoil;seliqfos;refliq;-1;
;ETHANE;DISTLOSS;peoil;seliqfos;refliq;-1;
;JETGAS;DISTLOSS;peoil;seliqfos;refliq;-1;
;WHITESP;DISTLOSS;seliqfos;fedie;tdfosdie;0;
;BKB;DISTLOSS;sesofos;feso;d_fesofos;-1;
;BKB;DISTLOSS;pecoal;sesofos;coaltr;-1;
;BLFURGS;DISTLOSS;segafos;fega;d_fegafos;-1;
;BROWN;DISTLOSS;sesofos;feso;d_fesofos;-1;
;BROWN;DISTLOSS;pecoal;sesofos;coaltr;-1;
;CHARCOAL;DISTLOSS;sesobio;feso;d_fesobio;-1;
;CHARCOAL;DISTLOSS;pebiolc;sesobio;biotr;-1;
;COALTAR;DISTLOSS;seliqfos;fehoi;tdfoshoi;-1;
;COALTAR;DISTLOSS;seliqfos;fepet;tdfospet;0;
;COALTAR;DISTLOSS;pecoal;sesofos;coaltr;-1;
;COKCOAL;DISTLOSS;sesofos;feso;d_fesofos;-1;
;COKCOAL;DISTLOSS;pecoal;sesofos;coaltr;-1;
;COKEOVGS;DISTLOSS;segafos;fega;d_fegafos;-1;
;LPG;DISTLOSS;peoil;seliqfos;refliq;-1;
;CRNGFEED;DISTLOSS;seliqfos;fehoi;tdfoshoi;0;
;CRNGFEED;DISTLOSS;seliqfos;fepet;tdfospet;0;
;LUBRIC;DISTLOSS;peoil;seliqfos;refliq;-1;
;NAPHTHA;DISTLOSS;peoil;seliqfos;refliq;-1;
;NGL;DISTLOSS;peoil;seliqfos;refliq;-1;
;NONBIODIES;DISTLOSS;peoil;seliqfos;refliq;-1;
;NONBIOGASO;DISTLOSS;peoil;seliqfos;refliq;-1;
;NONBIOJETK;DISTLOSS;peoil;seliqfos;refliq;-1;
;NONCRUDE;DISTLOSS;peoil;seliqfos;refliq;-1;
;ONONSPEC;DISTLOSS;peoil;seliqfos;refliq;-1;
;OTHKERO;DISTLOSS;peoil;seliqfos;refliq;-1;
;PARWAX;DISTLOSS;peoil;seliqfos;refliq;-1;
;CRUDEOIL;DISTLOSS;seliqfos;fehoi;tdfoshoi;0;
;CRUDEOIL;DISTLOSS;seliqfos;fepet;tdfospet;0;
;PETCOKE;DISTLOSS;peoil;seliqfos;refliq;-1;
;REFFEEDS;DISTLOSS;peoil;seliqfos;refliq;-1;
;REFINGAS;DISTLOSS;peoil;seliqfos;refliq;-1;
;RESFUEL;DISTLOSS;peoil;seliqfos;refliq;-1;
;WHITESP;DISTLOSS;peoil;seliqfos;refliq;-1;
;ELECTR;DISTLOSS;seel;feel;d_feel;-1;
;ETHANE;DISTLOSS;seliqfos;fehoi;tdfoshoi;0;
;GASCOKE;DISTLOSS;sesofos;feso;d_fesofos;-1;
;GASCOKE;DISTLOSS;pecoal;sesofos;coaltr;-1;
;GASWKSGS;DISTLOSS;segafos;fega;d_fegafos;-1;
;GEOTHERM;DISTLOSS;sehe;fehe;d_fehe;-1;
;GEOTHERM;DISTLOSS;pegeo;sehe;geohe;0;
;HARDCOAL;DISTLOSS;sesofos;feso;d_fesofos;-1;
;HARDCOAL;DISTLOSS;pecoal;sesofos;coaltr;-1;
;HEAT;DISTLOSS;sehe;fehe;d_fehe;-1;
;INDWASTE;DISTLOSS;sesobio;feso;d_fesobio;-1;
;INDWASTE;DISTLOSS;pebiolc;sesobio;biotr;-1;
;JETGAS;DISTLOSS;seliqfos;fehoi;tdfoshoi;0;
;JETGAS;DISTLOSS;seliqfos;fepet;tdfospet;0;
;LIGNITE;DISTLOSS;sesofos;feso;d_fesofos;-1;
;LIGNITE;DISTLOSS;pecoal;sesofos;coaltr;-1;
;LPG;DISTLOSS;seliqfos;fehob;tdfoshob;0;
;LPG;DISTLOSS;seliqfos;fepet;tdfospet;0;
;LUBRIC;DISTLOSS;seliqfos;fehoi;tdfoshoi;0;
;LUBRIC;DISTLOSS;seliqfos;fepet;tdfospet;0;
;MANGAS;DISTLOSS;pegas;segafos;gastr;-1;
;MUNWASTEN;DISTLOSS;sesobio;feso;d_fesobio;-1;
;MUNWASTEN;DISTLOSS;pebiolc;sesobio;biotr;-1;
;MUNWASTER;DISTLOSS;sesobio;feso;d_fesobio;-1;
;MUNWASTER;DISTLOSS;pebiolc;sesobio;biotr;-1;
;NAPHTHA;DISTLOSS;seliqfos;fehoi;tdfoshoi;0;
;NAPHTHA;DISTLOSS;seliqfos;fepet;tdfospet;0;
;NATGAS;DISTLOSS;segafos;fega;d_fegafos;-1;
;NATGAS;DISTLOSS;pegas;segafos;gastr;-1;
;NGL;DISTLOSS;seliqfos;fehoi;tdfoshoi;0;
;NGL;DISTLOSS;seliqfos;fepet;tdfospet;0;
;NONBIODIES;DISTLOSS;seliqfos;fehoi;tdfoshoi;0;
;NONBIODIES;DISTLOSS;seliqfos;fepet;tdfospet;0;
;NONBIOGASO;DISTLOSS;seliqfos;fehoi;tdfoshoi;0;
;NONBIOGASO;DISTLOSS;seliqfos;fepet;tdfospet;0;
;NONBIOJETK;DISTLOSS;seliqfos;fehoi;tdfoshoi;0;
;NONBIOJETK;DISTLOSS;seliqfos;fepet;tdfospet;0;
;NONCRUDE;DISTLOSS;seliqfos;fehoi;tdfoshoi;0;
;NONCRUDE;DISTLOSS;seliqfos;fepet;tdfospet;0;
;OBIOLIQ;DISTLOSS;seliqbio;fehoi;tdbiohoi;0;
;OBIOLIQ;DISTLOSS;seliqbio;fepet;tdbiopet;0;
;OGASES;DISTLOSS;segafos;fega;d_fegafos;-1;
;OILSHALE;DISTLOSS;sesofos;feso;d_fesofos;-1;
;ONONSPEC;DISTLOSS;seliqfos;fehoi;tdfoshoi;-1;
;ONONSPEC;DISTLOSS;seliqfos;fepet;tdfospet;0;
;OTHKERO;DISTLOSS;seliqfos;fehob;tdfoshob;0;
;OTHKERO;DISTLOSS;seliqfos;fepet;tdfospet;0;
;OVENCOKE;DISTLOSS;sesofos;feso;d_fesofos;-1;
;OVENCOKE;DISTLOSS;pecoal;sesofos;coaltr;-1;
;PARWAX;DISTLOSS;seliqfos;fehoi;tdfoshoi;0;
;PARWAX;DISTLOSS;seliqfos;fepet;tdfospet;0;
;PATFUEL;AUTOHEAT;pecoal;sehe;coalhp;-1;
;PATFUEL;EPOWERPLT;pecoal;sehe;coalhp;0;
;PEAT;DISTLOSS;sesofos;feso;d_fesofos;-1;
;PEAT;DISTLOSS;pecoal;sesofos;coaltr;-1;
;PEATPROD;DISTLOSS;sesofos;feso;d_fesofos;-1;
;PEATPROD;DISTLOSS;pecoal;sesofos;coaltr;-1;
;PETCOKE;DISTLOSS;sesofos;feso;d_fesofos;-1;
;PRIMSBIO;DISTLOSS;sesobio;feso;d_fesobio;-1;
;PRIMSBIO;DISTLOSS;pebiolc;sesobio;biotr;-1;
;REFFEEDS;DISTLOSS;seliqfos;fehoi;tdfoshoi;0;
;REFFEEDS;DISTLOSS;seliqfos;fepet;tdfospet;0;
;REFINGAS;DISTLOSS;seliqfos;fehoi;tdfoshoi;0;
;REFINGAS;DISTLOSS;seliqfos;fepet;tdfospet;0;
;RENEWNS;DISTLOSS;sesobio;feso;d_fesobio;-1;
;RENEWNS;DISTLOSS;pebiolc;sesobio;biotr;-1;
;RESFUEL;DISTLOSS;seliqfos;fehoi;tdfoshoi;0;
;RESFUEL;DISTLOSS;seliqfos;fepet;tdfospet;0;
;SOLARTH;DISTLOSS;sehe;fehe;d_fehe;0;
;SUBCOAL;DISTLOSS;sesofos;feso;d_fesofos;-1;
;SUBCOAL;DISTLOSS;pecoal;sesofos;coaltr;-1;
;WHITESP;DISTLOSS;seliqfos;fehoi;tdfoshoi;0;
;WHITESP;DISTLOSS;seliqfos;fepet;tdfospet;0;
;ADDITIVE;DOMESAIR;seliqfos;fepet;tdfospet;0;
;AVGAS;DOMESAIR;seliqfos;fepet;tdfospet;0;
;BIODIESEL;DOMESAIR;seliqbio;fepet;tdbiopet;0;
;BIOGASES;DOMESAIR;segabio;fegat;tdbiogat;1;
;BIOGASOL;DOMESAIR;seliqbio;fepet;tdbiopet;0;
;BITUMEN;DOMESAIR;seliqfos;fepet;tdfospet;0;
;BLFURGS;DOMESAIR;segafos;fegat;tdfosgat;1;
XXX;ADDITIVE;DOMESAIR;seliqfos;fedie;tdfosdie;1;dummy
;AVGAS;DOMESAIR;seliqfos;fedie;tdfosdie;1;
;BIODIESEL;DOMESAIR;seliqbio;fedie;tdbiodie;1;
;COALTAR;DOMESAIR;seliqfos;fepet;tdfospet;0;
;BIOGASOL;DOMESAIR;seliqbio;fedie;tdbiodie;1;
;BITUMEN;DOMESAIR;seliqfos;fedie;tdfosdie;1;
;COALTAR;DOMESAIR;seliqfos;fedie;tdfosdie;1;
;CRNGFEED;DOMESAIR;seliqfos;fedie;tdfosdie;1;
;CRUDEOIL;DOMESAIR;seliqfos;fedie;tdfosdie;1;
;JETGAS;DOMESAIR;seliqfos;fedie;tdfosdie;1;
;LPG;DOMESAIR;seliqfos;fedie;tdfosdie;1;
;COKEOVGS;DOMESAIR;segafos;fegat;tdfosgat;1;
;LUBRIC;DOMESAIR;seliqfos;fedie;tdfosdie;1;
;NAPHTHA;DOMESAIR;seliqfos;fedie;tdfosdie;1;
;NGL;DOMESAIR;seliqfos;fedie;tdfosdie;1;
;CRNGFEED;DOMESAIR;seliqfos;fepet;tdfospet;0;
;NONBIODIES;DOMESAIR;seliqfos;fedie;tdfosdie;1;
;NONBIOGASO;DOMESAIR;seliqfos;fedie;tdfosdie;1;
;NONBIOJETK;DOMESAIR;seliqfos;fedie;tdfosdie;1;
;NONCRUDE;DOMESAIR;seliqfos;fedie;tdfosdie;1;
;OBIOLIQ;DOMESAIR;seliqbio;fedie;tdbiodie;1;
;ONONSPEC;DOMESAIR;seliqfos;fedie;tdfosdie;1;
;OTHKERO;DOMESAIR;seliqfos;fedie;tdfosdie;1;
;PARWAX;DOMESAIR;seliqfos;fedie;tdfosdie;1;
;REFFEEDS;DOMESAIR;seliqfos;fedie;tdfosdie;1;
;REFINGAS;DOMESAIR;seliqfos;fedie;tdfosdie;1;
;CRUDEOIL;DOMESAIR;seliqfos;fepet;tdfospet;0;
;RESFUEL;DOMESAIR;seliqfos;fedie;tdfosdie;1;
;WHITESP;DOMESAIR;seliqfos;fedie;tdfosdie;1;
;ELECTR;DOMESAIR;seel;feelt;tdelt;1;
;GASWKSGS;DOMESAIR;segafos;fegat;tdfosgat;1;
;JETGAS;DOMESAIR;seliqfos;fepet;tdfospet;0;
;LPG;DOMESAIR;seliqfos;fepet;tdfospet;0;
;LUBRIC;DOMESAIR;seliqfos;fepet;tdfospet;0;
;NAPHTHA;DOMESAIR;seliqfos;fepet;tdfospet;0;
;NATGAS;DOMESAIR;segafos;fegat;tdfosgat;1;
;NGL;DOMESAIR;seliqfos;fepet;tdfospet;0;
;NONBIODIES;DOMESAIR;seliqfos;fepet;tdfospet;0;
;NONBIOGASO;DOMESAIR;seliqfos;fepet;tdfospet;0;
;NONBIOJETK;DOMESAIR;seliqfos;fepet;tdfospet;0;
;NONCRUDE;DOMESAIR;seliqfos;fepet;tdfospet;0;
;OBIOLIQ;DOMESAIR;seliqbio;fepet;tdbiopet;0;
;OGASES;DOMESAIR;segafos;fegat;tdfosgat;1;
;ONONSPEC;DOMESAIR;seliqfos;fepet;tdfospet;0;
;OTHKERO;DOMESAIR;seliqfos;fepet;tdfospet;0;
;PARWAX;DOMESAIR;seliqfos;fepet;tdfospet;0;
;REFFEEDS;DOMESAIR;seliqfos;fepet;tdfospet;0;
;REFINGAS;DOMESAIR;seliqfos;fepet;tdfospet;0;
;RESFUEL;DOMESAIR;seliqfos;fepet;tdfospet;0;
;WHITESP;DOMESAIR;seliqfos;fepet;tdfospet;0;
;ADDITIVE;DOMESNAV;seliqfos;fepet;tdfospet;0;
;AVGAS;DOMESNAV;seliqfos;fepet;tdfospet;0;
;BIODIESEL;DOMESNAV;seliqbio;fepet;tdbiopet;0;
;BIOGASES;DOMESNAV;segabio;fegat;tdbiogat;1;
;BIOGASOL;DOMESNAV;seliqbio;fepet;tdbiopet;0;
;BITUMEN;DOMESNAV;seliqfos;fepet;tdfospet;0;
;BLFURGS;DOMESNAV;segafos;fegat;tdfosgat;1;
;COALTAR;DOMESNAV;seliqfos;fepet;tdfospet;0;
;COKEOVGS;DOMESNAV;segafos;fegat;tdfosgat;1;
;CRNGFEED;DOMESNAV;seliqfos;fepet;tdfospet;0;
;CRUDEOIL;DOMESNAV;seliqfos;fepet;tdfospet;0;
;ADDITIVE;DOMESNAV;seliqfos;fedie;tdfosdie;1;
;AVGAS;DOMESNAV;seliqfos;fedie;tdfosdie;1;
;BIODIESEL;DOMESNAV;seliqbio;fedie;tdbiodie;1;
;BIOGASOL;DOMESNAV;seliqbio;fedie;tdbiodie;1;
;BITUMEN;DOMESNAV;seliqfos;fedie;tdfosdie;1;
;ELECTR;DOMESNAV;seel;feelt;tdelt;1;
;GASWKSGS;DOMESNAV;segafos;fegat;tdfosgat;1;
;COALTAR;DOMESNAV;seliqfos;fedie;tdfosdie;1;
;CRNGFEED;DOMESNAV;seliqfos;fedie;tdfosdie;1;
;CRUDEOIL;DOMESNAV;seliqfos;fedie;tdfosdie;1;
;JETGAS;DOMESNAV;seliqfos;fedie;tdfosdie;1;
;JETGAS;DOMESNAV;seliqfos;fepet;tdfospet;0;
;LPG;DOMESNAV;seliqfos;fedie;tdfosdie;1;
;LUBRIC;DOMESNAV;seliqfos;fedie;tdfosdie;1;
;NAPHTHA;DOMESNAV;seliqfos;fedie;tdfosdie;1;
;NGL;DOMESNAV;seliqfos;fedie;tdfosdie;1;
;NONBIODIES;DOMESNAV;seliqfos;fedie;tdfosdie;1;
;NONBIOGASO;DOMESNAV;seliqfos;fedie;tdfosdie;1;
;NONBIOJETK;DOMESNAV;seliqfos;fedie;tdfosdie;1;
;NONCRUDE;DOMESNAV;seliqfos;fedie;tdfosdie;1;
;OBIOLIQ;DOMESNAV;seliqbio;fedie;tdbiodie;1;
;ONONSPEC;DOMESNAV;seliqfos;fedie;tdfosdie;1;
;LPG;DOMESNAV;seliqfos;fepet;tdfospet;0;
;OTHKERO;DOMESNAV;seliqfos;fedie;tdfosdie;1;
;PARWAX;DOMESNAV;seliqfos;fedie;tdfosdie;1;
;REFFEEDS;DOMESNAV;seliqfos;fedie;tdfosdie;1;
;REFINGAS;DOMESNAV;seliqfos;fedie;tdfosdie;1;
;RESFUEL;DOMESNAV;seliqfos;fedie;tdfosdie;1;
;WHITESP;DOMESNAV;seliqfos;fedie;tdfosdie;1;
;LUBRIC;DOMESNAV;seliqfos;fepet;tdfospet;0;
;NAPHTHA;DOMESNAV;seliqfos;fepet;tdfospet;0;
;NATGAS;DOMESNAV;segafos;fegat;tdfosgat;1;
;NGL;DOMESNAV;seliqfos;fepet;tdfospet;0;
;NONBIODIES;DOMESNAV;seliqfos;fepet;tdfospet;0;
;NONBIOGASO;DOMESNAV;seliqfos;fepet;tdfospet;0;
;NONBIOJETK;DOMESNAV;seliqfos;fepet;tdfospet;0;
;NONCRUDE;DOMESNAV;seliqfos;fepet;tdfospet;0;
;OBIOLIQ;DOMESNAV;seliqbio;fepet;tdbiopet;0;
;OGASES;DOMESNAV;segafos;fegat;tdfosgat;1;
;ONONSPEC;DOMESNAV;seliqfos;fepet;tdfospet;0;
;OTHKERO;DOMESNAV;seliqfos;fepet;tdfospet;0;
;PARWAX;DOMESNAV;seliqfos;fepet;tdfospet;0;
;REFFEEDS;DOMESNAV;seliqfos;fepet;tdfospet;0;
;REFINGAS;DOMESNAV;seliqfos;fepet;tdfospet;0;
;RESFUEL;DOMESNAV;seliqfos;fepet;tdfospet;0;
;WHITESP;DOMESNAV;seliqfos;fepet;tdfospet;0;
;ADDITIVE;EBLASTFUR;seliqfos;fehoi;tdfoshoi;-1;
;ANTCOAL;EBLASTFUR;sesofos;fesoi;tdfossoi;-1;
;AVGAS;EBLASTFUR;seliqfos;fehoi;tdfoshoi;-1;
;BIODIESEL;EBLASTFUR;seliqbio;fehoi;tdbiohoi;-1;
;BIOGASOL;EBLASTFUR;seliqbio;fehoi;tdbiohoi;-1;
;PATFUEL;MAINHEAT;pecoal;sehe;coalhp;-1;
;BITUMEN;EBLASTFUR;seliqfos;fehoi;tdfoshoi;-1;
;BKB;EBLASTFUR;sesofos;fesoi;tdfossoi;-1;
;BLFURGS;EBLASTFUR;pecoal;segafos;coalgas;1.667;
;BLFURGS;EBLASTFUR;sesofos;fesoi;tdfossoi;-1.667;
;BROWN;EBLASTFUR;sesofos;fesoi;tdfossoi;-1;
;CHARCOAL;EBLASTFUR;sesobio;fesoi;tdbiosoi;-1;
;COALTAR;EBLASTFUR;seliqfos;fehoi;tdfoshoi;-1;
;COKCOAL;EBLASTFUR;sesofos;fesoi;tdfossoi;-1;
;COKEOVGS;EBLASTFUR;pecoal;segafos;coalgas;1.667;
;CRNGFEED;EBLASTFUR;seliqfos;fehoi;tdfoshoi;-1;
;CRUDEOIL;EBLASTFUR;seliqfos;fehoi;tdfoshoi;-1;
;ELECTR;EBLASTFUR;seel;feeli;tdeli;-1;
;ETHANE;EBLASTFUR;seliqfos;fehoi;tdfoshoi;-1;
;GASCOKE;EBLASTFUR;sesofos;fesoi;tdfossoi;-1;
;GASWKSGS;EBLASTFUR;pecoal;segafos;coalgas;1.667;
;GEOTHERM;EBLASTFUR;seel;feeli;tdeli;-0.3;
;HARDCOAL;EBLASTFUR;sesofos;fesoi;tdfossoi;-1;
;HEAT;EBLASTFUR;sehe;fehei;tdhei;-1;
;INDWASTE;EBLASTFUR;sesobio;fesoi;tdbiosoi;-1;
;JETGAS;EBLASTFUR;seliqfos;fehoi;tdfoshoi;-1;
;LIGNITE;EBLASTFUR;sesofos;fesoi;tdfossoi;-1;
;LPG;EBLASTFUR;seliqfos;fehoi;tdfoshoi;-1;
;LUBRIC;EBLASTFUR;seliqfos;fehoi;tdfoshoi;-1;
;MUNWASTEN;EBLASTFUR;sesobio;fesoi;tdbiosoi;-1;
;MUNWASTER;EBLASTFUR;sesobio;fesoi;tdbiosoi;-1;
;NAPHTHA;EBLASTFUR;seliqfos;fehoi;tdfoshoi;-1;
;NGL;EBLASTFUR;seliqfos;fehoi;tdfoshoi;-1;
;NONBIODIES;EBLASTFUR;seliqfos;fehoi;tdfoshoi;-1;
;NONBIOGASO;EBLASTFUR;seliqfos;fehoi;tdfoshoi;-1;
;NONBIOJETK;EBLASTFUR;seliqfos;fehoi;tdfoshoi;-1;
;NONCRUDE;EBLASTFUR;seliqfos;fehoi;tdfoshoi;-1;
;OBIOLIQ;EBLASTFUR;seliqbio;fehoi;tdbiohoi;-1;
;OGASES;EBLASTFUR;pecoal;segafos;coalgas;1.667;
;OILSHALE;EBLASTFUR;sesofos;fesoi;tdfossoi;-1;
;ONONSPEC;EBLASTFUR;seliqfos;fehoi;tdfoshoi;-1;
;OTHKERO;EBLASTFUR;seliqfos;fehoi;tdfoshoi;-1;
;OVENCOKE;EBLASTFUR;sesofos;fesoi;tdfossoi;-1;
;PARWAX;EBLASTFUR;seliqfos;fehoi;tdfoshoi;-1;
;BITCOAL;DISTLOSS;pecoal;sesofos;coaltr;-1;
;PEAT;EBLASTFUR;sesofos;fesoi;tdfossoi;-1;
;PEATPROD;EBLASTFUR;sesofos;fesoi;tdfossoi;-1;
;PETCOKE;EBLASTFUR;sesofos;fesoi;tdfossoi;-1;
;PRIMSBIO;EBLASTFUR;sesobio;fesoi;tdbiosoi;-1;
;REFFEEDS;EBLASTFUR;seliqfos;fehoi;tdfoshoi;-1;
;REFINGAS;EBLASTFUR;seliqfos;fehoi;tdfoshoi;-1;
;RENEWNS;EBLASTFUR;sesobio;fesoi;tdbiosoi;-1;
;RESFUEL;EBLASTFUR;seliqfos;fehoi;tdfoshoi;-1;
;SOLARTH;EBLASTFUR;sehe;fehei;tdhei;0;
;SUBCOAL;EBLASTFUR;sesofos;fesoi;tdfossoi;-1;
;WHITESP;EBLASTFUR;seliqfos;fehoi;tdfoshoi;-1;
;ADDITIVE;ECOKEOVS;seliqfos;fehoi;tdfoshoi;-1;
;ANTCOAL;ECOKEOVS;sesofos;fesoi;tdfossoi;0;
;ANTCOAL;ECOKEOVS;pecoal;sesofos;coaltr;-1;
;AVGAS;ECOKEOVS;seliqfos;fehoi;tdfoshoi;-1;
;BIODIESEL;ECOKEOVS;seliqbio;fehoi;tdbiohoi;-1;
;BIOGASOL;ECOKEOVS;seliqbio;fehoi;tdbiohoi;-1;
;BITCOAL;ECOKEOVS;pecoal;sesofos;coaltr;-1;
;BITCOAL;TBKB;pecoal;sesofos;coaltr;-1;
;BITUMEN;ECOKEOVS;seliqfos;fehoi;tdfoshoi;-1;
;BKB;ECOKEOVS;sesofos;fesoi;tdfossoi;0;
;BKB;ECOKEOVS;pecoal;sesofos;coaltr;-1;
;BLFURGS;ECOKEOVS;pecoal;segafos;coalgas;1.667;
;BLFURGS;ECOKEOVS;sesofos;fesoi;tdfossoi;-1.667;
;BROWN;ECOKEOVS;sesofos;fesoi;tdfossoi;0;
;BROWN;ECOKEOVS;pecoal;sesofos;coaltr;-1;
;CHARCOAL;ECOKEOVS;sesobio;fesoi;tdbiosoi;0;
;COALTAR;ECOKEOVS;seliqfos;fehoi;tdfoshoi;-1;
;COALTAR;ECOKEOVS;pecoal;sesofos;coaltr;-1;
;COKCOAL;ECOKEOVS;sesofos;fesoi;tdfossoi;0;
;COKCOAL;ECOKEOVS;pecoal;sesofos;coaltr;-1;
;COKEOVGS;ECOKEOVS;pecoal;segafos;coalgas;1.667;The gas consumed as final energy comes from coal We use the coefficient to retrieve the coal amount necessary
;CRNGFEED;ECOKEOVS;seliqfos;fehoi;tdfoshoi;-1;
;CRUDEOIL;ECOKEOVS;seliqfos;fehoi;tdfoshoi;-1;
;ELECTR;ECOKEOVS;seel;feeli;tdeli;-1;
;ETHANE;ECOKEOVS;seliqfos;fehoi;tdfoshoi;-1;
;GASCOKE;ECOKEOVS;sesofos;fesoi;tdfossoi;0;
;GASCOKE;ECOKEOVS;pecoal;sesofos;coaltr;-1;
;GASWKSGS;ECOKEOVS;pecoal;segafos;coalgas;1.667;The gas consumed as final energy comes from coal We use the coefficient to retrieve the coal amount necessary
;GEOTHERM;ECOKEOVS;seel;feeli;tdeli;-0.3;
;HARDCOAL;ECOKEOVS;sesofos;fesoi;tdfossoi;0;
;HARDCOAL;ECOKEOVS;pecoal;sesofos;coaltr;-1;
;HEAT;ECOKEOVS;sehe;fehei;tdhei;-1;
;INDWASTE;ECOKEOVS;sesobio;fesoi;tdbiosoi;0;
;JETGAS;ECOKEOVS;seliqfos;fehoi;tdfoshoi;-1;
;LIGNITE;ECOKEOVS;sesofos;fesoi;tdfossoi;0;
;LIGNITE;ECOKEOVS;pecoal;sesofos;coaltr;-1;
;LPG;ECOKEOVS;seliqfos;fehoi;tdfoshoi;-1;
;LUBRIC;ECOKEOVS;seliqfos;fehoi;tdfoshoi;-1;
;MUNWASTEN;ECOKEOVS;sesobio;fesoi;tdbiosoi;0;
;MUNWASTER;ECOKEOVS;sesobio;fesoi;tdbiosoi;0;
;NAPHTHA;ECOKEOVS;seliqfos;fehoi;tdfoshoi;-1;
;NGL;ECOKEOVS;seliqfos;fehoi;tdfoshoi;-1;
;NONBIODIES;ECOKEOVS;seliqfos;fehoi;tdfoshoi;-1;
;NONBIOGASO;ECOKEOVS;seliqfos;fehoi;tdfoshoi;-1;
;NONBIOJETK;ECOKEOVS;seliqfos;fehoi;tdfoshoi;-1;
;NONCRUDE;ECOKEOVS;seliqfos;fehoi;tdfoshoi;-1;
;OBIOLIQ;ECOKEOVS;seliqbio;fehoi;tdbiohoi;-1;
;OGASES;ECOKEOVS;pecoal;segafos;coalgas;1.667;
;OILSHALE;ECOKEOVS;sesofos;fesoi;tdfossoi;0;
;ONONSPEC;ECOKEOVS;seliqfos;fehoi;tdfoshoi;-1;
;OTHKERO;ECOKEOVS;seliqfos;fehoi;tdfoshoi;-1;
;OVENCOKE;ECOKEOVS;sesofos;fesoi;tdfossoi;0;
;OVENCOKE;ECOKEOVS;pecoal;sesofos;coaltr;-1;
;PARWAX;ECOKEOVS;seliqfos;fehoi;tdfoshoi;-1;
;BITCOAL;TBLASTFUR;pecoal;sesofos;coaltr;-1;
;BITCOAL;TCOKEOVS;pecoal;sesofos;coaltr;-1;
;PEAT;ECOKEOVS;sesofos;fesoi;tdfossoi;0;
;PEAT;ECOKEOVS;pecoal;sesofos;coaltr;-1;
;PEATPROD;ECOKEOVS;sesofos;fesoi;tdfossoi;0;
;PETCOKE;ECOKEOVS;sesofos;fesoi;tdfossoi;0;
;PRIMSBIO;ECOKEOVS;sesobio;fesoi;tdbiosoi;0;
;REFFEEDS;ECOKEOVS;seliqfos;fehoi;tdfoshoi;-1;
;REFINGAS;ECOKEOVS;seliqfos;fehoi;tdfoshoi;-1;
;RENEWNS;ECOKEOVS;sesobio;fesoi;tdbiosoi;0;
;RESFUEL;ECOKEOVS;seliqfos;fehoi;tdfoshoi;-1;
;SOLARTH;ECOKEOVS;sehe;fehei;tdhei;0;
;SUBCOAL;ECOKEOVS;sesofos;fesoi;tdfossoi;0;
;SUBCOAL;ECOKEOVS;pecoal;sesofos;coaltr;-1;
;WHITESP;ECOKEOVS;seliqfos;fehoi;tdfoshoi;-1;
;ANTCOAL;EMINES;pecoal;sesofos;d_coal2coal;-1;
;BITCOAL;TFC;pecoal;sesofos;coaltr;1;
;BKB;EMINES;pecoal;sesofos;d_coal2coal;-1;
;BROWN;EMINES;pecoal;sesofos;d_coal2coal;-1;
;COALTAR;EMINES;pecoal;sesofos;d_coal2coal;-1;
;COKCOAL;EMINES;pecoal;sesofos;d_coal2coal;-1;
;GASCOKE;EMINES;pecoal;sesofos;d_coal2coal;-1;
;HARDCOAL;EMINES;pecoal;sesofos;d_coal2coal;-1;
;LIGNITE;EMINES;pecoal;sesofos;d_coal2coal;-1;
;OVENCOKE;EMINES;pecoal;sesofos;d_coal2coal;-1;
;BITCOAL;TGASWKS;pecoal;sesofos;coaltr;0;
;PEAT;EMINES;pecoal;sesofos;d_coal2coal;-1;
;PEATPROD;EMINES;pecoal;sesofos;d_coal2coal;-1;
;SUBCOAL;EMINES;pecoal;sesofos;d_coal2coal;-1;
;BIOGASES;ENONSPEC;segabio;fega;d_fegabio;-1;
;BLFURGS;ENONSPEC;segafos;fega;d_fegafos;-1;
;CHARCOAL;ENONSPEC;pebiolc;sesobio;biotr;-1;
;COKEOVGS;ENONSPEC;segafos;fega;d_fegafos;-1;
;ELECTR;ENONSPEC;seel;feel;d_feel;-1;
;GASWKSGS;ENONSPEC;segafos;fega;d_fegafos;-1;
;HEAT;ENONSPEC;sehe;fehe;d_fehe;-1;
;INDWASTE;ENONSPEC;pebiolc;sesobio;biotr;-1;
;MUNWASTEN;ENONSPEC;pebiolc;sesobio;biotr;-1;
;MUNWASTER;ENONSPEC;pebiolc;sesobio;biotr;-1;
;NATGAS;ENONSPEC;segafos;fega;d_fegafos;-1;
;NATGAS;ENONSPEC;pegas;segafos;gastr;-1;
;OGASES;ENONSPEC;segafos;fega;d_fegafos;-1;
;PRIMSBIO;ENONSPEC;pebiolc;sesobio;biotr;-1;
;RENEWNS;ENONSPEC;pebiolc;sesobio;biotr;-1;
;NATGAS;EOILGASEX;pegas;peog;d_gas2og;-1;
;ADDITIVE;EOILGASEX;peoil;peog;d_oil2og;-1;
;AVGAS;EOILGASEX;peoil;peog;d_oil2og;-1;
;BITUMEN;EOILGASEX;peoil;peog;d_oil2og;-1;
;CRNGFEED;EOILGASEX;peoil;peog;d_oil2og;-1;
;CRUDEOIL;EOILGASEX;peoil;peog;d_oil2og;-1;
;ETHANE;EOILGASEX;peoil;peog;d_oil2og;-1;
;JETGAS;EOILGASEX;peoil;peog;d_oil2og;-1;
;LPG;EOILGASEX;peoil;peog;d_oil2og;-1;
;LUBRIC;EOILGASEX;peoil;peog;d_oil2og;-1;
;NAPHTHA;EOILGASEX;peoil;peog;d_oil2og;-1;
;NGL;EOILGASEX;peoil;peog;d_oil2og;-1;
;NONBIODIES;EOILGASEX;peoil;peog;d_oil2og;-1;
;NONBIOGASO;EOILGASEX;peoil;peog;d_oil2og;-1;
;NONBIOJETK;EOILGASEX;peoil;peog;d_oil2og;-1;
;NONCRUDE;EOILGASEX;peoil;peog;d_oil2og;-1;
;ONONSPEC;EOILGASEX;peoil;peog;d_oil2og;-1;
;OTHKERO;EOILGASEX;peoil;peog;d_oil2og;-1;
;PARWAX;EOILGASEX;peoil;peog;d_oil2og;-1;
;PETCOKE;EOILGASEX;peoil;peog;d_oil2og;-1;
;REFFEEDS;EOILGASEX;peoil;peog;d_oil2og;-1;
;REFINGAS;EOILGASEX;peoil;peog;d_oil2og;-1;
;RESFUEL;EOILGASEX;peoil;peog;d_oil2og;-1;
;WHITESP;EOILGASEX;peoil;peog;d_oil2og;-1;
;ADDITIVE;EMINES;peoil;pecoal;d_oil2coal;-1;
;AVGAS;EMINES;peoil;pecoal;d_oil2coal;-1;
;BITUMEN;EMINES;peoil;pecoal;d_oil2coal;-1;
;CRNGFEED;EMINES;peoil;pecoal;d_oil2coal;-1;
;CRUDEOIL;EMINES;peoil;pecoal;d_oil2coal;-1;
;ETHANE;EMINES;peoil;pecoal;d_oil2coal;-1;
;JETGAS;EMINES;peoil;pecoal;d_oil2coal;-1;
;LPG;EMINES;peoil;pecoal;d_oil2coal;-1;
;LUBRIC;EMINES;peoil;pecoal;d_oil2coal;-1;
;NAPHTHA;EMINES;peoil;pecoal;d_oil2coal;-1;
;NGL;EMINES;peoil;pecoal;d_oil2coal;-1;
;NONBIODIES;EMINES;peoil;pecoal;d_oil2coal;-1;
;NONBIOGASO;EMINES;peoil;pecoal;d_oil2coal;-1;
;NONBIOJETK;EMINES;peoil;pecoal;d_oil2coal;-1;
;NONCRUDE;EMINES;peoil;pecoal;d_oil2coal;-1;
;ONONSPEC;EMINES;peoil;pecoal;d_oil2coal;-1;
;OTHKERO;EMINES;peoil;pecoal;d_oil2coal;-1;
;PARWAX;EMINES;peoil;pecoal;d_oil2coal;-1;
;PETCOKE;EMINES;peoil;pecoal;d_oil2coal;-1;
;REFFEEDS;EMINES;peoil;pecoal;d_oil2coal;-1;
;REFINGAS;EMINES;peoil;pecoal;d_oil2coal;-1;
;RESFUEL;EMINES;peoil;pecoal;d_oil2coal;-1;
;WHITESP;EMINES;peoil;pecoal;d_oil2coal;-1;
;ELECTR;EOILGASEX;seel;peog;d_elec2og;-1;
;ELECTR;EMINES;seel;pecoal;d_elec2coal;-1;
;ANTCOAL;EPOWERPLT;pecoal;seel;d_coal2elec;-1;
;ANTCOAL;EPOWERPLT;pecoal;seel;pc;0;
;ANTCOAL;EPOWERPLT;pecoal;seel;coalchp;0;
;ANTCOAL;EPOWERPLT;pecoal;sehe;coalhp;0;
;BIODIESEL;EPOWERPLT;pebiolc;seel;d_bio2elec;-1;
;BIOGASES;EPOWERPLT;pebiolc;seel;d_bio2elec;-1;
;BIOGASOL;EPOWERPLT;pebiolc;seel;d_bio2elec;-1;
;BITCOAL;TPATFUEL;pecoal;sesofos;coaltr;-1;
;PATFUEL;DISTLOSS;pecoal;sesofos;coaltr;-1;
;PATFUEL;ECOKEOVS;pecoal;sesofos;coaltr;-1;
;PATFUEL;TBKB;pecoal;sesofos;coaltr;0;
;BKB;EPOWERPLT;pecoal;seel;d_coal2elec;-1;
;BKB;EPOWERPLT;pecoal;seel;pc;0;
;BKB;EPOWERPLT;pecoal;seel;coalchp;0;
;BKB;EPOWERPLT;pecoal;sehe;coalhp;0;
;BROWN;EPOWERPLT;pecoal;seel;d_coal2elec;-1;
;BROWN;EPOWERPLT;pecoal;seel;pc;0;
;BROWN;EPOWERPLT;pecoal;seel;coalchp;0;
;BROWN;EPOWERPLT;pecoal;sehe;coalhp;0;
;COALTAR;EPOWERPLT;pecoal;seel;d_coal2elec;-1;
;COALTAR;EPOWERPLT;pecoal;seel;pc;0;
;COALTAR;EPOWERPLT;pecoal;seel;coalchp;0;
;COALTAR;EPOWERPLT;pecoal;sehe;coalhp;0;
;COKCOAL;EPOWERPLT;pecoal;seel;d_coal2elec;-1;
;COKCOAL;EPOWERPLT;pecoal;seel;pc;0;
;COKCOAL;EPOWERPLT;pecoal;seel;coalchp;0;
;COKCOAL;EPOWERPLT;pecoal;sehe;coalhp;0;
;GASCOKE;EPOWERPLT;pecoal;seel;d_coal2elec;-1;
;GASCOKE;EPOWERPLT;pecoal;seel;pc;0;
;GASCOKE;EPOWERPLT;pecoal;seel;coalchp;0;
;GASCOKE;EPOWERPLT;pecoal;sehe;coalhp;0;
;HARDCOAL;EPOWERPLT;pecoal;seel;d_coal2elec;-1;
;HARDCOAL;EPOWERPLT;pecoal;seel;pc;0;
;HARDCOAL;EPOWERPLT;pecoal;seel;coalchp;0;
;HARDCOAL;EPOWERPLT;pecoal;sehe;coalhp;0;
;HEAT;EPOWERPLT;sehe;fehei;tdhei;-1;
;INDWASTE;EPOWERPLT;pebiolc;seel;d_bio2elec;-1;
;ADDITIVE;EPOWERPLT;peoil;seel;dot;-1;
;LIGNITE;EPOWERPLT;pecoal;seel;d_coal2elec;-1;
;LIGNITE;EPOWERPLT;pecoal;seel;pc;0;
;LIGNITE;EPOWERPLT;pecoal;seel;coalchp;0;
;LIGNITE;EPOWERPLT;pecoal;sehe;coalhp;0;
;ADDITIVE;EPOWERPLT;peoil;seliqfos;refliq;0;
;AVGAS;EPOWERPLT;peoil;seel;dot;-1;
;AVGAS;EPOWERPLT;peoil;seliqfos;refliq;0;
;BITUMEN;EPOWERPLT;peoil;seel;dot;-1;
;BITUMEN;EPOWERPLT;peoil;seliqfos;refliq;0;
;CRNGFEED;EPOWERPLT;peoil;seel;dot;-1;
;CRNGFEED;EPOWERPLT;peoil;seliqfos;refliq;0;
;CRUDEOIL;EPOWERPLT;peoil;seel;dot;-1;
;CRUDEOIL;EPOWERPLT;peoil;seliqfos;refliq;0;
;ETHANE;EPOWERPLT;peoil;seel;dot;-1;
;ETHANE;EPOWERPLT;peoil;seliqfos;refliq;0;
;JETGAS;EPOWERPLT;peoil;seel;dot;-1;
;JETGAS;EPOWERPLT;peoil;seliqfos;refliq;0;
;LPG;EPOWERPLT;peoil;seel;dot;-1;
;LPG;EPOWERPLT;peoil;seliqfos;refliq;0;
;LUBRIC;EPOWERPLT;peoil;seel;dot;-1;
;LUBRIC;EPOWERPLT;peoil;seliqfos;refliq;0;
;NAPHTHA;EPOWERPLT;peoil;seel;dot;-1;
;NAPHTHA;EPOWERPLT;peoil;seliqfos;refliq;0;
;NGL;EPOWERPLT;peoil;seel;dot;-1;
;MUNWASTEN;EPOWERPLT;pebiolc;seel;d_bio2elec;-1;
;MUNWASTER;EPOWERPLT;pebiolc;seel;d_bio2elec;-1;
;NGL;EPOWERPLT;peoil;seliqfos;refliq;0;
;NONBIODIES;EPOWERPLT;peoil;seel;dot;-1;
;NONBIODIES;EPOWERPLT;peoil;seliqfos;refliq;0;
;NONBIOGASO;EPOWERPLT;peoil;seel;dot;-1;
;NONBIOGASO;EPOWERPLT;peoil;seliqfos;refliq;0;
;NONBIOJETK;EPOWERPLT;peoil;seel;dot;-1;
;NONBIOJETK;EPOWERPLT;peoil;seliqfos;refliq;0;
;NONCRUDE;EPOWERPLT;peoil;seel;dot;-1;
;NONCRUDE;EPOWERPLT;peoil;seliqfos;refliq;0;
;ONONSPEC;EPOWERPLT;peoil;seel;dot;-1;
;NATGAS;EPOWERPLT;pegas;seel;d_gas2elec;-1;
;NATGAS;EPOWERPLT;pegas;sehe;gaschp;0;
;NATGAS;EPOWERPLT;pegas;sehe;gashp;0;
;ONONSPEC;EPOWERPLT;peoil;seliqfos;refliq;0;
;OTHKERO;EPOWERPLT;peoil;seel;dot;-1;
;OTHKERO;EPOWERPLT;peoil;seliqfos;refliq;0;
;PARWAX;EPOWERPLT;peoil;seel;dot;-1;
;PARWAX;EPOWERPLT;peoil;seliqfos;refliq;0;
;PETCOKE;EPOWERPLT;peoil;seel;dot;-1;
;PETCOKE;EPOWERPLT;peoil;seliqfos;refliq;0;
;REFFEEDS;EPOWERPLT;peoil;seel;dot;-1;
;REFFEEDS;EPOWERPLT;peoil;seliqfos;refliq;0;
;REFINGAS;EPOWERPLT;peoil;seel;dot;-1;
;REFINGAS;EPOWERPLT;peoil;seliqfos;refliq;0;
;RESFUEL;EPOWERPLT;peoil;seel;dot;-1;
;RESFUEL;EPOWERPLT;peoil;seliqfos;refliq;0;
;WHITESP;EPOWERPLT;peoil;seel;dot;-1;
;WHITESP;EPOWERPLT;peoil;seliqfos;refliq;0;
;OBIOLIQ;EPOWERPLT;pebiolc;seel;d_bio2elec;-1;
;OVENCOKE;EPOWERPLT;pecoal;seel;d_coal2elec;-1;
;OVENCOKE;EPOWERPLT;pecoal;seel;pc;0;
;OVENCOKE;EPOWERPLT;pecoal;seel;coalchp;0;
;OVENCOKE;EPOWERPLT;pecoal;sehe;coalhp;0;
;PATFUEL;TBLASTFUR;pecoal;sesofos;coaltr;0;
;PATFUEL;TCOKEOVS;pecoal;sesofos;coaltr;-1;
;PATFUEL;TFC;pecoal;sesofos;coaltr;1;
;PATFUEL;TGASWKS;pecoal;sesofos;coaltr;0;
;PEAT;EPOWERPLT;pecoal;seel;d_coal2elec;-1;
;PEAT;EPOWERPLT;pecoal;seel;pc;0;
;PEAT;EPOWERPLT;pecoal;seel;coalchp;0;
;PEAT;EPOWERPLT;pecoal;sehe;coalhp;0;
;PEATPROD;EPOWERPLT;pecoal;seel;d_coal2elec;-1;
;PEATPROD;EPOWERPLT;pecoal;seel;pc;0;
;PEATPROD;EPOWERPLT;pecoal;seel;coalchp;0;
;PEATPROD;EPOWERPLT;pecoal;sehe;coalhp;0;
;PRIMSBIO;EPOWERPLT;pebiolc;seel;d_bio2elec;-1;
;SUBCOAL;EPOWERPLT;pecoal;seel;d_coal2elec;-1;
;SUBCOAL;EPOWERPLT;pecoal;seel;pc;0;
;SUBCOAL;EPOWERPLT;pecoal;seel;coalchp;0;
;SUBCOAL;EPOWERPLT;pecoal;sehe;coalhp;0;
;ELECTR;EPUMPST;seel;feel;d_feel;-1;
;BIOGASES;EREFINER;segabio;fegai;tdbiogai;-1;
;BLFURGS;EREFINER;segafos;fegai;tdfosgai;-1;
;COKEOVGS;EREFINER;segafos;fegai;tdfosgai;-1;
;GASWKSGS;EREFINER;segafos;fegai;tdfosgai;-1;
;HEAT;EREFINER;sehe;fehei;tdhei;-1;
;NATGAS;EREFINER;segafos;fegai;tdfosgai;-1;
;NATGAS;EREFINER;pegas;segafos;gastr;-1;
;OGASES;EREFINER;segafos;fegai;tdfosgai;-1;
;ADDITIVE;FISHING;seliqfos;fehoi;tdfoshoi;1;
;ANTCOAL;FISHING;sesofos;fesoi;tdfossoi;1;
;AVGAS;FISHING;seliqfos;fehoi;tdfoshoi;1;
;BIODIESEL;FISHING;seliqbio;fehoi;tdbiohoi;1;
;BIOGASES;FISHING;segabio;fegai;tdbiogai;1;
;BIOGASOL;FISHING;seliqbio;fehoi;tdbiohoi;1;
;PATFUEL;TPATFUEL;pecoal;sesofos;coaltr;0;
;BITUMEN;FISHING;seliqfos;fehoi;tdfoshoi;1;
;BKB;FISHING;sesofos;fesoi;tdfossoi;1;
;BLFURGS;FISHING;segafos;fegai;tdfosgai;1;
;BROWN;FISHING;sesofos;fesoi;tdfossoi;1;
;CHARCOAL;FISHING;sesobio;fesoi;tdbiosoi;1;
;COALTAR;FISHING;seliqfos;fehoi;tdfoshoi;1;
;COKCOAL;FISHING;sesofos;fesoi;tdfossoi;1;
;COKEOVGS;FISHING;segafos;fegai;tdfosgai;1;
;CRNGFEED;FISHING;seliqfos;fehoi;tdfoshoi;1;
;CRUDEOIL;FISHING;seliqfos;fehoi;tdfoshoi;1;
;ELECTR;FISHING;seel;feeli;tdeli;1;
;ETHANE;FISHING;seliqfos;fehoi;tdfoshoi;1;
;GASCOKE;FISHING;sesofos;fesoi;tdfossoi;1;
;GASWKSGS;FISHING;segafos;fegai;tdfosgai;1;
;GEOTHERM;FISHING;seel;feeli;tdeli;0.3;
;HARDCOAL;FISHING;sesofos;fesoi;tdfossoi;1;
;HEAT;FISHING;sehe;fehei;tdhei;1;
;INDWASTE;FISHING;sesobio;fesoi;tdbiosoi;1;
;JETGAS;FISHING;seliqfos;fehoi;tdfoshoi;1;
;LIGNITE;FISHING;sesofos;fesoi;tdfossoi;1;
;LPG;FISHING;seliqfos;fehoi;tdfoshoi;1;
;LUBRIC;FISHING;seliqfos;fehoi;tdfoshoi;1;
;MUNWASTEN;FISHING;sesobio;fesoi;tdbiosoi;1;
;MUNWASTER;FISHING;sesobio;fesoi;tdbiosoi;1;
;NAPHTHA;FISHING;seliqfos;fehoi;tdfoshoi;1;
;NATGAS;FISHING;segafos;fegai;tdfosgai;1;
;NGL;FISHING;seliqfos;fehoi;tdfoshoi;1;
;NONBIODIES;FISHING;seliqfos;fehoi;tdfoshoi;1;
;NONBIOGASO;FISHING;seliqfos;fehoi;tdfoshoi;1;
;NONBIOJETK;FISHING;seliqfos;fehoi;tdfoshoi;1;
;NONCRUDE;FISHING;seliqfos;fehoi;tdfoshoi;1;
;OBIOLIQ;FISHING;seliqbio;fehoi;tdbiohoi;1;
;OGASES;FISHING;segafos;fegai;tdfosgai;1;
;OILSHALE;FISHING;sesofos;fesoi;tdfossoi;1;
;ONONSPEC;FISHING;seliqfos;fehoi;tdfoshoi;1;
;OTHKERO;FISHING;seliqfos;fehoi;tdfoshoi;1;
;OVENCOKE;FISHING;sesofos;fesoi;tdfossoi;1;
;PARWAX;FISHING;seliqfos;fehoi;tdfoshoi;1;
;PATFUEL;MAINELEC;pecoal;sesofos;coaltr;1;
;PEAT;FISHING;sesofos;fesoi;tdfossoi;1;
;PEATPROD;FISHING;sesofos;fesoi;tdfossoi;1;
;PETCOKE;FISHING;sesofos;fesoi;tdfossoi;1;
;PRIMSBIO;FISHING;sesobio;fesoi;tdbiosoi;1;
;REFFEEDS;FISHING;seliqfos;fehoi;tdfoshoi;1;
;REFINGAS;FISHING;seliqfos;fehoi;tdfoshoi;1;
;RENEWNS;FISHING;sesobio;fesoi;tdbiosoi;1;
;RESFUEL;FISHING;seliqfos;fehoi;tdfoshoi;1;
;SOLARTH;FISHING;sehe;fehei;tdhei;0;
;SUBCOAL;FISHING;sesofos;fesoi;tdfossoi;1;
;WHITESP;FISHING;seliqfos;fehoi;tdfoshoi;1;
;ANTCOAL;MAINCHP;pecoal;seel;coalchp;-1;
;ANTCOAL;MAINCHP;pecoal;sehe;coalchp;-1;
;BIODIESEL;MAINCHP;pebiolc;seel;biochp;-1;
;BIODIESEL;MAINCHP;pebiolc;sehe;biochp;-1;
;BIOGASES;MAINCHP;pebiolc;seel;biochp;-1;
;BIOGASES;MAINCHP;pebiolc;sehe;biochp;-1;
;BIOGASOL;MAINCHP;pebiolc;seel;biochp;-1;
;BIOGASOL;MAINCHP;pebiolc;sehe;biochp;-1;
;BITCOAL;EMINES;pecoal;sesofos;d_coal2coal;-1;
;PATFUEL;EMINES;pecoal;sesofos;d_coal2coal;-1;
;BKB;MAINCHP;pecoal;seel;coalchp;-1;
;BKB;MAINCHP;pecoal;sehe;coalchp;-1;
;BLFURGS;MAINCHP;sesofos;fesoi;tdfossoi;1.667;
;BLFURGS;MAINCHP;pecoal;seel;coalchp;-1.6667;We add the solids used in TBLASTFUR TGASWKS TCOKEOVS and producing gas which is used in the production of electricity The coefficient converts gas in solids
;BLFURGS;MAINCHP;pecoal;segafos;coalgas;1.667;
;BLFURGS;MAINCHP;pecoal;sehe;coalchp;-1.6667;We add the solids used in TBLASTFUR TGASWKS TCOKEOVS and producing gas which is used in the production of heat The coefficient converts gas in solids
;BLFURGS;MAINCHP;pecoal;sesofos;coaltr;1.6667;
;BROWN;MAINCHP;pecoal;seel;coalchp;-1;
;BROWN;MAINCHP;pecoal;sehe;coalchp;-1;
;COALTAR;MAINCHP;pecoal;seel;coalchp;-1;
;COALTAR;MAINCHP;pecoal;sehe;coalchp;-1;
;COKCOAL;MAINCHP;pecoal;seel;coalchp;-1;
;COKCOAL;MAINCHP;pecoal;sehe;coalchp;-1;
;COKEOVGS;MAINCHP;sesofos;fesoi;tdfossoi;0;
;COKEOVGS;MAINCHP;pecoal;seel;coalchp;-1.6667;We add the solids used in TBLASTFUR TGASWKS TCOKEOVS and producing gas which is used in the production of electricity The coefficient converts gas in solids
;COKEOVGS;MAINCHP;pecoal;segafos;coalgas;1.667;
;COKEOVGS;MAINCHP;pecoal;sehe;coalchp;-1.6667;We add the solids used in TBLASTFUR TGASWKS TCOKEOVS and producing gas which is used in the production of heat The coefficient converts gas in solids
;COKEOVGS;MAINCHP;pecoal;sesofos;coaltr;1.6667;
;GASCOKE;MAINCHP;pecoal;seel;coalchp;-1;
;GASCOKE;MAINCHP;pecoal;sehe;coalchp;-1;
;GASWKSGS;MAINCHP;sesofos;fesoi;tdfossoi;0;
;GASWKSGS;MAINCHP;pecoal;seel;coalchp;-1.6667;We add the solids used in TBLASTFUR TGASWKS TCOKEOVS and producing gas which is used in the production of electricity The coefficient converts gas in solids
;GASWKSGS;MAINCHP;pecoal;segafos;coalgas;1.667;
;GASWKSGS;MAINCHP;pecoal;sehe;coalchp;-1.6667;We add the solids used in TBLASTFUR TGASWKS TCOKEOVS and producing gas which is used in the production of heat The coefficient converts gas in solids
;GASWKSGS;MAINCHP;pecoal;sesofos;coaltr;0;
;GEOTHERM;MAINCHP;pegeo;seel;geohdr;-1;
;HARDCOAL;MAINCHP;pecoal;seel;coalchp;-1;
;HARDCOAL;MAINCHP;pecoal;sehe;coalchp;-1;
;INDWASTE;MAINCHP;pebiolc;seel;biochp;-1;
;INDWASTE;MAINCHP;pebiolc;sehe;biochp;-1;
;LIGNITE;MAINCHP;pecoal;seel;coalchp;-1;
;LIGNITE;MAINCHP;pecoal;sehe;coalchp;-1;
;MUNWASTEN;MAINCHP;pebiolc;seel;biochp;-1;
;MUNWASTEN;MAINCHP;pebiolc;sehe;biochp;-1;
;MUNWASTER;MAINCHP;pebiolc;seel;biochp;-1;
;MUNWASTER;MAINCHP;pebiolc;sehe;biochp;-1;
;NATGAS;MAINCHP;pegas;seel;gaschp;-1;
;NATGAS;MAINCHP;pegas;sehe;gaschp;-1;
;NUCLEAR;MAINCHP;peur;seel;tnrs;-1;
;OGASES;MAINCHP;sesofos;fesoi;tdfossoi;1.667;
;OGASES;MAINCHP;pecoal;seel;coalchp;-1.6667;We add the solids used in TBLASTFUR TGASWKS TCOKEOVS and producing gas which is used in the production of electricity The coefficient converts gas in solids
;OGASES;MAINCHP;pecoal;segafos;coalgas;1.667;
;OGASES;MAINCHP;pecoal;sehe;coalchp;-1.6667;We add the solids used in TBLASTFUR TGASWKS TCOKEOVS and producing gas which is used in the production of heat The coefficient converts gas in solids
;OGASES;MAINCHP;pecoal;sesofos;coaltr;1.6667;
;OVENCOKE;MAINCHP;pecoal;seel;coalchp;-1;
;OVENCOKE;MAINCHP;pecoal;sehe;coalchp;-1;
;BITCOAL;EPOWERPLT;pecoal;seel;d_coal2elec;-1;
;PATFUEL;EPOWERPLT;pecoal;seel;d_coal2elec;-1;
;PEAT;MAINCHP;pecoal;seel;coalchp;-1;
;PEAT;MAINCHP;pecoal;sehe;coalchp;-1;
;PEATPROD;MAINCHP;pecoal;seel;coalchp;-1;
;PEATPROD;MAINCHP;pecoal;sehe;coalchp;-1;
;PRIMSBIO;MAINCHP;pebiolc;seel;biochp;-1;
;PRIMSBIO;MAINCHP;pebiolc;sehe;biochp;-1;
;SUBCOAL;MAINCHP;pecoal;seel;coalchp;-1;
;SUBCOAL;MAINCHP;pecoal;sehe;coalchp;-1;
;ANTCOAL;MAINELEC;pecoal;seel;pc;-1;
;BIODIESEL;MAINELEC;pebiolc;seel;bioigcc;-1;
;BIOGASES;MAINELEC;pebiolc;seel;bioigcc;-1;
;BIOGASOL;MAINELEC;pebiolc;seel;bioigcc;-1;
;BITCOAL;DISTLOSS;sesofos;feso;d_fesofos;-1;
;BKB;MAINELEC;pecoal;seel;pc;-1;
;BLFURGS;MAINELEC;sesofos;fesoi;tdfossoi;1.667;
;BLFURGS;MAINELEC;pecoal;seel;pc;-1.6667;We add the solids used in TBLASTFUR TGASWKS TCOKEOVS and producing gas which is used in the production of electricity The coefficient converts gas in solids
;BLFURGS;MAINELEC;pecoal;segafos;coalgas;1.667;
;BLFURGS;MAINELEC;pecoal;sesofos;coaltr;1.6667;
;BROWN;MAINELEC;pecoal;seel;pc;-1;
;COALTAR;MAINELEC;pecoal;seel;pc;-1;
;COKCOAL;MAINELEC;pecoal;seel;pc;-1;
;COKEOVGS;MAINELEC;sesofos;fesoi;tdfossoi;0;
;COKEOVGS;MAINELEC;pecoal;seel;pc;-1.6667;We add the solids used in TBLASTFUR TGASWKS TCOKEOVS and producing gas which is used in the production of electricity The coefficient converts gas in solids
;COKEOVGS;MAINELEC;pecoal;segafos;coalgas;1.667;
;COKEOVGS;MAINELEC;pecoal;sesofos;coaltr;1.6667;
;GASCOKE;MAINELEC;pecoal;seel;pc;-1;
;GASWKSGS;MAINELEC;sesofos;fesoi;tdfossoi;0;
;GASWKSGS;MAINELEC;pecoal;seel;pc;-1.6667;We add the solids used in TBLASTFUR TGASWKS TCOKEOVS and producing gas which is used in the production of electricity The coefficient converts gas in solids
;GASWKSGS;MAINELEC;pecoal;segafos;coalgas;1.667;
;GASWKSGS;MAINELEC;pecoal;sesofos;coaltr;0;
;GEOTHERM;MAINELEC;pegeo;seel;geohdr;-1;
;HARDCOAL;MAINELEC;pecoal;seel;pc;-1;
;INDWASTE;MAINELEC;pebiolc;seel;bioigcc;-1;
;LIGNITE;MAINELEC;pecoal;seel;pc;-1;
;MUNWASTEN;MAINELEC;pebiolc;seel;bioigcc;-1;
;MUNWASTER;MAINELEC;pebiolc;seel;bioigcc;-1;
;NATGAS;MAINELEC;pegas;seel;x_gas2elec;-1;
;ADDITIVE;MAINELEC;peoil;seel;dot;-1;
;AVGAS;MAINELEC;peoil;seel;dot;-1;
;BITUMEN;MAINELEC;peoil;seel;dot;-1;
;CRNGFEED;MAINELEC;peoil;seel;dot;-1;
;CRUDEOIL;MAINELEC;peoil;seel;dot;-1;
;ETHANE;MAINELEC;peoil;seel;dot;-1;
;JETGAS;MAINELEC;peoil;seel;dot;-1;
;LPG;MAINELEC;peoil;seel;dot;-1;
;LUBRIC;MAINELEC;peoil;seel;dot;-1;
;NAPHTHA;MAINELEC;peoil;seel;dot;-1;
;NGL;MAINELEC;peoil;seel;dot;-1;
;NONBIODIES;MAINELEC;peoil;seel;dot;-1;
;NONBIOGASO;MAINELEC;peoil;seel;dot;-1;
;NONBIOJETK;MAINELEC;peoil;seel;dot;-1;
;NONCRUDE;MAINELEC;peoil;seel;dot;-1;
;ONONSPEC;MAINELEC;peoil;seel;dot;-1;
;OTHKERO;MAINELEC;peoil;seel;dot;-1;
;PARWAX;MAINELEC;peoil;seel;dot;-1;
;PETCOKE;MAINELEC;peoil;seel;dot;-1;
;REFFEEDS;MAINELEC;peoil;seel;dot;-1;
;REFINGAS;MAINELEC;peoil;seel;dot;-1;
;RESFUEL;MAINELEC;peoil;seel;dot;-1;
;WHITESP;MAINELEC;peoil;seel;dot;-1;
;NUCLEAR;MAINELEC;peur;seel;tnrs;-1;
;OBIOLIQ;MAINELEC;pebiolc;seel;bioigcc;-1;
;OGASES;MAINELEC;sesofos;fesoi;tdfossoi;1.667;
;OGASES;MAINELEC;pecoal;seel;pc;-1.6667;We add the solids used in TBLASTFUR TGASWKS TCOKEOVS and producing gas which is used in the production of electricity The coefficient converts gas in solids
;OGASES;MAINELEC;pecoal;segafos;coalgas;1.667;
;OGASES;MAINELEC;pecoal;sesofos;coaltr;1.6667;
;OVENCOKE;MAINELEC;pecoal;seel;pc;-1;
;PATFUEL;DISTLOSS;sesofos;feso;d_fesofos;-1;
;PEAT;MAINELEC;pecoal;seel;pc;-1;
;PEATPROD;MAINELEC;pecoal;seel;pc;-1;
;PRIMSBIO;MAINELEC;pebiolc;seel;bioigcc;-1;
;SUBCOAL;MAINELEC;pecoal;seel;pc;-1;
;ANTCOAL;MAINHEAT;pecoal;sehe;coalhp;-1;
;BIODIESEL;MAINHEAT;pebiolc;sehe;biohp;-1;
;BIOGASES;MAINHEAT;pebiolc;sehe;biohp;-1;
;BIOGASOL;MAINHEAT;pebiolc;sehe;biohp;-1;
;BITCOAL;AUTOELEC;pecoal;seel;pc;-1;
;BKB;MAINHEAT;pecoal;sehe;coalhp;-1;
;BLFURGS;MAINHEAT;sesofos;fesoi;tdfossoi;1.667;
;BLFURGS;MAINHEAT;pecoal;segafos;coalgas;1.667;
;BLFURGS;MAINHEAT;pecoal;sehe;coalhp;-1.6667;We add the solids used in TBLASTFUR TGASWKS TCOKEOVS and producing gas which is used in the production of heat The coefficient converts gas in solids
;BLFURGS;MAINHEAT;pecoal;sesofos;coaltr;1.6667;
;BROWN;MAINHEAT;pecoal;sehe;coalhp;-1;
;COALTAR;MAINHEAT;pecoal;sehe;coalhp;-1;
;COKCOAL;MAINHEAT;pecoal;sehe;coalhp;-1;
;COKEOVGS;MAINHEAT;sesofos;fesoi;tdfossoi;0;
;COKEOVGS;MAINHEAT;pecoal;segafos;coalgas;1.667;
;COKEOVGS;MAINHEAT;pecoal;sehe;coalhp;-1.6667;We add the solids used in TBLASTFUR TGASWKS TCOKEOVS and producing gas which is used in the production of heat The coefficient converts gas in solids
;COKEOVGS;MAINHEAT;pecoal;sesofos;coaltr;1.6667;
;GASCOKE;MAINHEAT;pecoal;sehe;coalhp;-1;
;GASWKSGS;MAINHEAT;sesofos;fesoi;tdfossoi;0;
;GASWKSGS;MAINHEAT;pecoal;segafos;coalgas;1.667;
;GASWKSGS;MAINHEAT;pecoal;sehe;coalhp;-1.6667;We add the solids used in TBLASTFUR TGASWKS TCOKEOVS and producing gas which is used in the production of heat The coefficient converts gas in solids
;GASWKSGS;MAINHEAT;pecoal;sesofos;coaltr;0;
;GEOTHERM;MAINHEAT;pegeo;sehe;geohe;-1;
;HARDCOAL;MAINHEAT;pecoal;sehe;coalhp;-1;
;INDWASTE;MAINHEAT;pebiolc;sehe;biohp;-1;
;LIGNITE;MAINHEAT;pecoal;sehe;coalhp;-1;
;MUNWASTEN;MAINHEAT;pebiolc;sehe;biohp;-1;
;MUNWASTER;MAINHEAT;pebiolc;sehe;biohp;-1;
;NATGAS;MAINHEAT;pegas;sehe;gashp;-1;
;OBIOLIQ;MAINHEAT;pebiolc;seel;biochp;-1;
;OBIOLIQ;MAINHEAT;pebiolc;sehe;biochp;-1;
;OBIOLIQ;MAINHEAT;pebiolc;sehe;biohp;-1;
;OGASES;MAINHEAT;sesofos;fesoi;tdfossoi;1.667;
;OGASES;MAINHEAT;pecoal;segafos;coalgas;1.667;
;OGASES;MAINHEAT;pecoal;sehe;coalhp;-1.6667;We add the solids used in TBLASTFUR TGASWKS TCOKEOVS and producing gas which is used in the production of heat The coefficient converts gas in solids
;OGASES;MAINHEAT;pecoal;sesofos;coaltr;1.6667;
;OVENCOKE;MAINHEAT;pecoal;sehe;coalhp;-1;
;BITCOAL;EPOWERPLT;pecoal;seel;pc;0;
;PEAT;MAINHEAT;pecoal;sehe;coalhp;-1;
;PEATPROD;MAINHEAT;pecoal;sehe;coalhp;-1;
;PRIMSBIO;MAINHEAT;pebiolc;sehe;biohp;-1;
;SUBCOAL;MAINHEAT;pecoal;sehe;coalhp;-1;
;ADDITIVE;MARBUNK;seliqfos;fepet;tdfospet;0;
;AVGAS;MARBUNK;seliqfos;fepet;tdfospet;0;
;BIODIESEL;MARBUNK;seliqbio;fepet;tdbiopet;0;
;BIOGASES;MARBUNK;segabio;fegat;tdbiogat;-1;
;BIOGASOL;MARBUNK;seliqbio;fepet;tdbiopet;0;
;ADDITIVE;MARBUNK;peoil;seliqfos;refliq;-1;
;AVGAS;MARBUNK;peoil;seliqfos;refliq;-1;
;BITUMEN;MARBUNK;peoil;seliqfos;refliq;-1;
;CRNGFEED;MARBUNK;peoil;seliqfos;refliq;-1;
;CRUDEOIL;MARBUNK;peoil;seliqfos;refliq;-1;
;ETHANE;MARBUNK;peoil;seliqfos;refliq;-1;
;JETGAS;MARBUNK;peoil;seliqfos;refliq;-1;
;LPG;MARBUNK;peoil;seliqfos;refliq;-1;
;LUBRIC;MARBUNK;peoil;seliqfos;refliq;-1;
;NAPHTHA;MARBUNK;peoil;seliqfos;refliq;-1;
;NGL;MARBUNK;peoil;seliqfos;refliq;-1;
;NONBIODIES;MARBUNK;peoil;seliqfos;refliq;-1;
;NONBIOGASO;MARBUNK;peoil;seliqfos;refliq;-1;
;NONBIOJETK;MARBUNK;peoil;seliqfos;refliq;-1;
;NONCRUDE;MARBUNK;peoil;seliqfos;refliq;-1;
;ONONSPEC;MARBUNK;peoil;seliqfos;refliq;-1;
;OTHKERO;MARBUNK;peoil;seliqfos;refliq;-1;
;PARWAX;MARBUNK;peoil;seliqfos;refliq;-1;
;PETCOKE;MARBUNK;peoil;seliqfos;refliq;-1;
;REFFEEDS;MARBUNK;peoil;seliqfos;refliq;-1;
;REFINGAS;MARBUNK;peoil;seliqfos;refliq;-1;
;RESFUEL;MARBUNK;peoil;seliqfos;refliq;-1;
;WHITESP;MARBUNK;peoil;seliqfos;refliq;-1;
;BITUMEN;MARBUNK;seliqfos;fepet;tdfospet;0;
;BLFURGS;MARBUNK;segafos;fegat;tdfosgat;-1;
;COALTAR;MARBUNK;seliqfos;fepet;tdfospet;0;
;COKEOVGS;MARBUNK;segafos;fegat;tdfosgat;-1;
;CRNGFEED;MARBUNK;seliqfos;fepet;tdfospet;0;
;CRUDEOIL;MARBUNK;seliqfos;fepet;tdfospet;0;
;ELECTR;MARBUNK;seel;feelt;tdelt;-1;
;GASWKSGS;MARBUNK;segafos;fegat;tdfosgat;-1;
;JETGAS;MARBUNK;seliqfos;fepet;tdfospet;0;
;LPG;MARBUNK;seliqfos;fepet;tdfospet;0;
;ADDITIVE;MARBUNK;seliqfos;fedie;tdfosdie;-1;
;AVGAS;MARBUNK;seliqfos;fedie;tdfosdie;-1;
;BIODIESEL;MARBUNK;seliqbio;fedie;tdbiodie;-1;
;BIOGASOL;MARBUNK;seliqbio;fedie;tdbiodie;-1;
;BITUMEN;MARBUNK;seliqfos;fedie;tdfosdie;-1;
;LUBRIC;MARBUNK;seliqfos;fepet;tdfospet;0;
;COALTAR;MARBUNK;seliqfos;fedie;tdfosdie;-1;
;CRNGFEED;MARBUNK;seliqfos;fedie;tdfosdie;-1;
;CRUDEOIL;MARBUNK;seliqfos;fedie;tdfosdie;-1;
;JETGAS;MARBUNK;seliqfos;fedie;tdfosdie;-1;
;LPG;MARBUNK;seliqfos;fedie;tdfosdie;-1;
;LUBRIC;MARBUNK;seliqfos;fedie;tdfosdie;-1;
;NAPHTHA;MARBUNK;seliqfos;fedie;tdfosdie;-1;
;NGL;MARBUNK;seliqfos;fedie;tdfosdie;-1;
;NONBIODIES;MARBUNK;seliqfos;fedie;tdfosdie;-1;
;NONBIOGASO;MARBUNK;seliqfos;fedie;tdfosdie;-1;
;NAPHTHA;MARBUNK;seliqfos;fepet;tdfospet;0;
;NONBIOJETK;MARBUNK;seliqfos;fedie;tdfosdie;-1;
;NONCRUDE;MARBUNK;seliqfos;fedie;tdfosdie;-1;
;OBIOLIQ;MARBUNK;seliqbio;fedie;tdbiodie;-1;
;ONONSPEC;MARBUNK;seliqfos;fedie;tdfosdie;-1;
;OTHKERO;MARBUNK;seliqfos;fedie;tdfosdie;-1;
;NATGAS;MARBUNK;segafos;fegat;tdfosgat;-1;
;PARWAX;MARBUNK;seliqfos;fedie;tdfosdie;-1;
;REFFEEDS;MARBUNK;seliqfos;fedie;tdfosdie;-1;
;REFINGAS;MARBUNK;seliqfos;fedie;tdfosdie;-1;
;RESFUEL;MARBUNK;seliqfos;fedie;tdfosdie;-1;
;WHITESP;MARBUNK;seliqfos;fedie;tdfosdie;-1;
;NGL;MARBUNK;seliqfos;fepet;tdfospet;0;
;NONBIODIES;MARBUNK;seliqfos;fepet;tdfospet;0;
;NONBIOGASO;MARBUNK;seliqfos;fepet;tdfospet;0;
;NONBIOJETK;MARBUNK;seliqfos;fepet;tdfospet;0;
;NONCRUDE;MARBUNK;seliqfos;fepet;tdfospet;0;
;OBIOLIQ;MARBUNK;seliqbio;fepet;tdbiopet;0;
;OGASES;MARBUNK;segafos;fegat;tdfosgat;-1;
;ONONSPEC;MARBUNK;seliqfos;fepet;tdfospet;0;
;OTHKERO;MARBUNK;seliqfos;fepet;tdfospet;0;
;PARWAX;MARBUNK;seliqfos;fepet;tdfospet;0;
;REFFEEDS;MARBUNK;seliqfos;fepet;tdfospet;0;
;REFINGAS;MARBUNK;seliqfos;fepet;tdfospet;0;
;RESFUEL;MARBUNK;seliqfos;fepet;tdfospet;0;
;WHITESP;MARBUNK;seliqfos;fepet;tdfospet;0;
;ADDITIVE;NEINTREN;seliqfos;fehoi;tdfoshoi;0;
;AVGAS;NEINTREN;seliqfos;fehoi;tdfoshoi;0;
;BIODIESEL;NEINTREN;seliqbio;fehoi;tdbiohoi;0;
;BIOGASOL;NEINTREN;seliqbio;fehoi;tdbiohoi;0;
;BITUMEN;NEINTREN;seliqfos;fehoi;tdfoshoi;0;
;COALTAR;NEINTREN;seliqfos;fehoi;tdfoshoi;0;
;CRNGFEED;NEINTREN;seliqfos;fehoi;tdfoshoi;0;
;CRUDEOIL;NEINTREN;seliqfos;fehoi;tdfoshoi;0;
;ETHANE;NEINTREN;seliqfos;fehoi;tdfoshoi;0;
;JETGAS;NEINTREN;seliqfos;fehoi;tdfoshoi;0;
;LPG;NEINTREN;seliqfos;fehoi;tdfoshoi;0;
;LUBRIC;NEINTREN;seliqfos;fehoi;tdfoshoi;0;
;NAPHTHA;NEINTREN;seliqfos;fehoi;tdfoshoi;0;
;NGL;NEINTREN;seliqfos;fehoi;tdfoshoi;0;
;NONBIODIES;NEINTREN;seliqfos;fehoi;tdfoshoi;0;
;NONBIOGASO;NEINTREN;seliqfos;fehoi;tdfoshoi;0;
;NONBIOJETK;NEINTREN;seliqfos;fehoi;tdfoshoi;0;
;NONCRUDE;NEINTREN;seliqfos;fehoi;tdfoshoi;0;
;OBIOLIQ;NEINTREN;seliqbio;fehoi;tdbiohoi;0;
;ONONSPEC;NEINTREN;seliqfos;fehoi;tdfoshoi;0;
;OTHKERO;NEINTREN;seliqfos;fehoi;tdfoshoi;0;
;PARWAX;NEINTREN;seliqfos;fehoi;tdfoshoi;0;
;REFFEEDS;NEINTREN;seliqfos;fehoi;tdfoshoi;0;
;REFINGAS;NEINTREN;seliqfos;fehoi;tdfoshoi;0;
;RESFUEL;NEINTREN;seliqfos;fehoi;tdfoshoi;0;
;WHITESP;NEINTREN;seliqfos;fehoi;tdfoshoi;0;
;ADDITIVE;NEOTHER;seliqfos;fehob;tdfoshob;0;
;AVGAS;NEOTHER;seliqfos;fehob;tdfoshob;0;
;BIODIESEL;NEOTHER;seliqbio;fehob;tdbiohob;0;
;BIOGASOL;NEOTHER;seliqbio;fehob;tdbiohob;0;
;BITUMEN;NEOTHER;seliqfos;fehob;tdfoshob;0;
;COALTAR;NEOTHER;seliqfos;fehob;tdfoshob;0;
;CRNGFEED;NEOTHER;seliqfos;fehob;tdfoshob;0;
;CRUDEOIL;NEOTHER;seliqfos;fehob;tdfoshob;0;
;ETHANE;NEOTHER;seliqfos;fehob;tdfoshob;0;
;JETGAS;NEOTHER;seliqfos;fehob;tdfoshob;0;
;LPG;NEOTHER;seliqfos;fehob;tdfoshob;0;
;LUBRIC;NEOTHER;seliqfos;fehob;tdfoshob;0;
;NAPHTHA;NEOTHER;seliqfos;fehob;tdfoshob;0;
;NGL;NEOTHER;seliqfos;fehob;tdfoshob;0;
;NONBIODIES;NEOTHER;seliqfos;fehob;tdfoshob;0;
;NONBIOGASO;NEOTHER;seliqfos;fehob;tdfoshob;0;
;NONBIOJETK;NEOTHER;seliqfos;fehob;tdfoshob;0;
;NONCRUDE;NEOTHER;seliqfos;fehob;tdfoshob;0;
;OBIOLIQ;NEOTHER;seliqbio;fehob;tdbiohob;0;
;ONONSPEC;NEOTHER;seliqfos;fehob;tdfoshob;0;
;OTHKERO;NEOTHER;seliqfos;fehob;tdfoshob;0;
;PARWAX;NEOTHER;seliqfos;fehob;tdfoshob;0;
;REFFEEDS;NEOTHER;seliqfos;fehob;tdfoshob;0;
;REFINGAS;NEOTHER;seliqfos;fehob;tdfoshob;0;
;RESFUEL;NEOTHER;seliqfos;fehob;tdfoshob;0;
;WHITESP;NEOTHER;seliqfos;fehob;tdfoshob;0;
;ADDITIVE;NETRANS;seliqfos;fedie;tdfosdie;0;
;AVGAS;NETRANS;seliqfos;fedie;tdfosdie;0;
;BIODIESEL;NETRANS;seliqbio;fedie;tdbiodie;0;
;BIOGASOL;NETRANS;seliqbio;fedie;tdbiodie;0;
;BITUMEN;NETRANS;seliqfos;fedie;tdfosdie;0;
;COALTAR;NETRANS;seliqfos;fedie;tdfosdie;0;
;CRNGFEED;NETRANS;seliqfos;fedie;tdfosdie;0;
;CRUDEOIL;NETRANS;seliqfos;fedie;tdfosdie;0;
;JETGAS;NETRANS;seliqfos;fedie;tdfosdie;0;
;LPG;NETRANS;seliqfos;fedie;tdfosdie;0;
;LUBRIC;NETRANS;seliqfos;fedie;tdfosdie;0;
;NAPHTHA;NETRANS;seliqfos;fedie;tdfosdie;0;
;NGL;NETRANS;seliqfos;fedie;tdfosdie;0;
;NONBIODIES;NETRANS;seliqfos;fedie;tdfosdie;0;
;NONBIOGASO;NETRANS;seliqfos;fedie;tdfosdie;0;
;NONBIOJETK;NETRANS;seliqfos;fedie;tdfosdie;0;
;NONCRUDE;NETRANS;seliqfos;fedie;tdfosdie;0;
;OBIOLIQ;NETRANS;seliqbio;fedie;tdbiodie;0;
;ONONSPEC;NETRANS;seliqfos;fedie;tdfosdie;0;
;OTHKERO;NETRANS;seliqfos;fedie;tdfosdie;0;
;PARWAX;NETRANS;seliqfos;fedie;tdfosdie;0;
;REFFEEDS;NETRANS;seliqfos;fedie;tdfosdie;0;
;REFINGAS;NETRANS;seliqfos;fedie;tdfosdie;0;
;RESFUEL;NETRANS;seliqfos;fedie;tdfosdie;0;
;WHITESP;NETRANS;seliqfos;fedie;tdfosdie;0;
;ADDITIVE;NONENUSE;seliqfos;fehoi;tdfoshoi;1;
;ANTCOAL;NONENUSE;sesofos;fesoi;tdfossoi;1;
;AVGAS;NONENUSE;seliqfos;fehoi;tdfoshoi;1;
;BIODIESEL;NONENUSE;seliqbio;fehoi;tdbiohoi;1;
;BIOGASES;NONENUSE;segabio;fegai;tdbiogai;1;
;BIOGASOL;NONENUSE;seliqbio;fehoi;tdbiohoi;1;
;BITCOAL;MAINELEC;pecoal;seel;pc;-1;
;BITUMEN;NONENUSE;seliqfos;fehoi;tdfoshoi;1;
;BKB;NONENUSE;sesofos;fesoi;tdfossoi;1;
;BLFURGS;NONENUSE;segafos;fegai;tdfosgai;1;
;BROWN;NONENUSE;sesofos;fesoi;tdfossoi;1;
;CHARCOAL;NONENUSE;sesobio;fesoi;tdbiosoi;1;
;COALTAR;NONENUSE;seliqfos;fehoi;tdfoshoi;1;
;COKCOAL;NONENUSE;sesofos;fesoi;tdfossoi;1;
;COKEOVGS;NONENUSE;segafos;fegai;tdfosgai;1;
;CRNGFEED;NONENUSE;seliqfos;fehoi;tdfoshoi;1;
;CRUDEOIL;NONENUSE;seliqfos;fehoi;tdfoshoi;1;
;ELECTR;NONENUSE;seel;feeli;tdeli;1;
;ETHANE;NONENUSE;seliqfos;fehoi;tdfoshoi;1;
;GASCOKE;NONENUSE;sesofos;fesoi;tdfossoi;1;
;GASWKSGS;NONENUSE;segafos;fegai;tdfosgai;1;
;GEOTHERM;NONENUSE;seel;feeli;tdeli;0.3;
;HARDCOAL;NONENUSE;sesofos;fesoi;tdfossoi;1;
;HEAT;NONENUSE;sehe;fehei;tdhei;1;
;INDWASTE;NONENUSE;sesobio;fesoi;tdbiosoi;1;
;JETGAS;NONENUSE;seliqfos;fehoi;tdfoshoi;1;
;LIGNITE;NONENUSE;sesofos;fesoi;tdfossoi;1;
;LPG;NONENUSE;seliqfos;fehoi;tdfoshoi;1;
;LUBRIC;NONENUSE;seliqfos;fehoi;tdfoshoi;1;
;MUNWASTEN;NONENUSE;sesobio;fesoi;tdbiosoi;1;
;MUNWASTER;NONENUSE;sesobio;fesoi;tdbiosoi;1;
;NAPHTHA;NONENUSE;seliqfos;fehoi;tdfoshoi;1;
;NATGAS;NONENUSE;segafos;fegai;tdfosgai;1;
;NGL;NONENUSE;seliqfos;fehoi;tdfoshoi;1;
;NONBIODIES;NONENUSE;seliqfos;fehoi;tdfoshoi;1;
;NONBIOGASO;NONENUSE;seliqfos;fehoi;tdfoshoi;1;
;NONBIOJETK;NONENUSE;seliqfos;fehoi;tdfoshoi;1;
;NONCRUDE;NONENUSE;seliqfos;fehoi;tdfoshoi;1;
;OBIOLIQ;NONENUSE;seliqbio;fehoi;tdbiohoi;1;
;OGASES;NONENUSE;segafos;fegai;tdfosgai;1;
;OILSHALE;NONENUSE;sesofos;fesoi;tdfossoi;1;
;ONONSPEC;NONENUSE;seliqfos;fehoi;tdfoshoi;1;
;OTHKERO;NONENUSE;seliqfos;fehoi;tdfoshoi;1;
;OVENCOKE;NONENUSE;sesofos;fesoi;tdfossoi;1;
;PARWAX;NONENUSE;seliqfos;fehoi;tdfoshoi;1;
;PATFUEL;AUTOELEC;pecoal;seel;pc;-1;
;PEAT;NONENUSE;sesofos;fesoi;tdfossoi;1;
;PEATPROD;NONENUSE;sesofos;fesoi;tdfossoi;1;
;PETCOKE;NONENUSE;sesofos;fesoi;tdfossoi;1;
;PRIMSBIO;NONENUSE;sesobio;fesoi;tdbiosoi;1;
;REFFEEDS;NONENUSE;seliqfos;fehoi;tdfoshoi;1;
;REFINGAS;NONENUSE;seliqfos;fehoi;tdfoshoi;1;
;RENEWNS;NONENUSE;sesobio;fesoi;tdbiosoi;1;
;RESFUEL;NONENUSE;seliqfos;fehoi;tdfoshoi;1;
;SOLARTH;NONENUSE;sehe;fehei;tdhei;0;
;SUBCOAL;NONENUSE;sesofos;fesoi;tdfossoi;1;
;WHITESP;NONENUSE;seliqfos;fehoi;tdfoshoi;1;
;ADDITIVE;ONONSPEC;seliqfos;fehob;tdfoshob;1;
;ANTCOAL;ONONSPEC;sesofos;fesob;tdfossob;1;
;AVGAS;ONONSPEC;seliqfos;fehob;tdfoshob;1;
;BIODIESEL;ONONSPEC;seliqbio;fehob;tdbiohob;1;
;BIOGASES;ONONSPEC;segabio;fegab;tdbiogab;1;
;BIOGASOL;ONONSPEC;seliqbio;fehob;tdbiohob;1;
;PATFUEL;EPOWERPLT;pecoal;seel;pc;0;
;PATFUEL;MAINELEC;pecoal;seel;pc;-1;
;BITUMEN;ONONSPEC;seliqfos;fehob;tdfoshob;1;
;BKB;ONONSPEC;sesofos;fesob;tdfossob;1;
;BLFURGS;ONONSPEC;segafos;fegab;tdfosgab;1;
;BROWN;ONONSPEC;sesofos;fesob;tdfossob;1;
;CHARCOAL;ONONSPEC;sesobio;fesob;tdbiosob;1;
;COALTAR;ONONSPEC;seliqfos;fehob;tdfoshob;1;
;COKCOAL;ONONSPEC;sesofos;fesob;tdfossob;1;
;COKEOVGS;ONONSPEC;segafos;fegab;tdfosgab;1;
;CRNGFEED;ONONSPEC;seliqfos;fehob;tdfoshob;1;
;CRUDEOIL;ONONSPEC;seliqfos;fehob;tdfoshob;1;
;ELECTR;ONONSPEC;seel;feelb;tdelb;1;
;ETHANE;ONONSPEC;seliqfos;fehob;tdfoshob;1;
;GASCOKE;ONONSPEC;sesofos;fesob;tdfossob;1;
;GASWKSGS;ONONSPEC;segafos;fegab;tdfosgab;1;
;GEOTHERM;ONONSPEC;seel;feelb;tdelb;0.3;
;HARDCOAL;ONONSPEC;sesofos;fesob;tdfossob;1;
;HEAT;ONONSPEC;sehe;feheb;tdheb;1;
;INDWASTE;ONONSPEC;sesobio;fesob;tdbiosob;1;
;JETGAS;ONONSPEC;seliqfos;fehob;tdfoshob;1;
;LIGNITE;ONONSPEC;sesofos;fesob;tdfossob;1;
;LPG;ONONSPEC;seliqfos;fehob;tdfoshob;1;
;LUBRIC;ONONSPEC;seliqfos;fehob;tdfoshob;1;
;MUNWASTEN;ONONSPEC;sesobio;fesob;tdbiosob;1;
;MUNWASTER;ONONSPEC;sesobio;fesob;tdbiosob;1;
;NAPHTHA;ONONSPEC;seliqfos;fehob;tdfoshob;1;
;NATGAS;ONONSPEC;segafos;fegab;tdfosgab;1;
;NGL;ONONSPEC;seliqfos;fehob;tdfoshob;1;
;NONBIODIES;ONONSPEC;seliqfos;fehob;tdfoshob;1;
;NONBIOGASO;ONONSPEC;seliqfos;fehob;tdfoshob;1;
;NONBIOJETK;ONONSPEC;seliqfos;fehob;tdfoshob;1;
;NONCRUDE;ONONSPEC;seliqfos;fehob;tdfoshob;1;
;OBIOLIQ;ONONSPEC;seliqbio;fehob;tdbiohob;1;
;OGASES;ONONSPEC;segafos;fegab;tdfosgab;1;
;OILSHALE;ONONSPEC;sesofos;fesob;tdfossob;1;
;ONONSPEC;ONONSPEC;seliqfos;fehob;tdfoshob;1;
;OTHKERO;ONONSPEC;seliqfos;fehob;tdfoshob;1;
;OVENCOKE;ONONSPEC;sesofos;fesob;tdfossob;1;
;PARWAX;ONONSPEC;seliqfos;fehob;tdfoshob;1;
;BITCOAL;COMMPUB;sesofos;fesob;tdfossob;1;
;PEAT;ONONSPEC;sesofos;fesob;tdfossob;1;
;PEATPROD;ONONSPEC;sesofos;fesob;tdfossob;1;
;PETCOKE;ONONSPEC;sesofos;fesob;tdfossob;1;
;PRIMSBIO;ONONSPEC;sesobio;fesob;tdbiosob;1;
;REFFEEDS;ONONSPEC;seliqfos;fehob;tdfoshob;1;
;REFINGAS;ONONSPEC;seliqfos;fehob;tdfoshob;1;
;RENEWNS;ONONSPEC;sesobio;fesob;tdbiosob;1;
;RESFUEL;ONONSPEC;seliqfos;fehob;tdfoshob;1;
;SOLARTH;ONONSPEC;sehe;feheb;tdheb;0;
;SUBCOAL;ONONSPEC;sesofos;fesob;tdfossob;1;
;WHITESP;ONONSPEC;seliqfos;fehob;tdfoshob;1;
;ADDITIVE;PIPELINE;seliqfos;fepet;tdfospet;0;
;AVGAS;PIPELINE;seliqfos;fepet;tdfospet;0;
;BIODIESEL;PIPELINE;seliqbio;fepet;tdbiopet;0;
;BIOGASES;PIPELINE;segabio;fegat;tdbiogat;0;
;BIOGASOL;PIPELINE;seliqbio;fepet;tdbiopet;0;
;BITUMEN;PIPELINE;seliqfos;fepet;tdfospet;0;
;BLFURGS;PIPELINE;segafos;fegat;tdfosgat;0;
;COALTAR;PIPELINE;seliqfos;fepet;tdfospet;0;
;COKEOVGS;PIPELINE;segafos;fegat;tdfosgat;0;
;CRNGFEED;PIPELINE;seliqfos;fepet;tdfospet;0;
;CRUDEOIL;PIPELINE;seliqfos;fepet;tdfospet;0;
;ELECTR;PIPELINE;seel;feelt;tdelt;0;
;GASWKSGS;PIPELINE;segafos;fegat;tdfosgat;0;
;JETGAS;PIPELINE;seliqfos;fepet;tdfospet;0;
;LPG;PIPELINE;seliqfos;fepet;tdfospet;0;
;LUBRIC;PIPELINE;seliqfos;fepet;tdfospet;0;
;NAPHTHA;PIPELINE;seliqfos;fepet;tdfospet;0;
;NATGAS;PIPELINE;segafos;fegat;tdfosgat;0;
;NATGAS;PIPELINE;pegas;segafos;gastr;0;
;NGL;PIPELINE;seliqfos;fepet;tdfospet;0;
;NONBIODIES;PIPELINE;seliqfos;fepet;tdfospet;0;
;NONBIOGASO;PIPELINE;seliqfos;fepet;tdfospet;0;
;ADDITIVE;PIPELINE;seliqfos;fedie;tdfosdie;1;
;AVGAS;PIPELINE;seliqfos;fedie;tdfosdie;1;
;BIODIESEL;PIPELINE;seliqbio;fedie;tdbiodie;1;
;BIOGASOL;PIPELINE;seliqbio;fedie;tdbiodie;1;
;BITUMEN;PIPELINE;seliqfos;fedie;tdfosdie;1;
;COALTAR;PIPELINE;seliqfos;fedie;tdfosdie;1;
;CRNGFEED;PIPELINE;seliqfos;fedie;tdfosdie;1;
;NONBIOJETK;PIPELINE;seliqfos;fepet;tdfospet;0;
;CRUDEOIL;PIPELINE;seliqfos;fedie;tdfosdie;1;
;JETGAS;PIPELINE;seliqfos;fedie;tdfosdie;1;
;LPG;PIPELINE;seliqfos;fedie;tdfosdie;1;
;LUBRIC;PIPELINE;seliqfos;fedie;tdfosdie;1;
;NAPHTHA;PIPELINE;seliqfos;fedie;tdfosdie;1;
;NGL;PIPELINE;seliqfos;fedie;tdfosdie;1;
;NONBIODIES;PIPELINE;seliqfos;fedie;tdfosdie;1;
;NONBIOGASO;PIPELINE;seliqfos;fedie;tdfosdie;1;
;NONBIOJETK;PIPELINE;seliqfos;fedie;tdfosdie;1;
;NONCRUDE;PIPELINE;seliqfos;fedie;tdfosdie;1;
;NONCRUDE;PIPELINE;seliqfos;fepet;tdfospet;0;
;OBIOLIQ;PIPELINE;seliqbio;fedie;tdbiodie;1;
;ONONSPEC;PIPELINE;seliqfos;fedie;tdfosdie;1;
;OTHKERO;PIPELINE;seliqfos;fedie;tdfosdie;1;
;PARWAX;PIPELINE;seliqfos;fedie;tdfosdie;1;
;REFFEEDS;PIPELINE;seliqfos;fedie;tdfosdie;1;
;REFINGAS;PIPELINE;seliqfos;fedie;tdfosdie;1;
;RESFUEL;PIPELINE;seliqfos;fedie;tdfosdie;1;
;WHITESP;PIPELINE;seliqfos;fedie;tdfosdie;1;
;OBIOLIQ;PIPELINE;seliqbio;fepet;tdbiopet;0;
;OGASES;PIPELINE;segafos;fegat;tdfosgat;0;
;ONONSPEC;PIPELINE;seliqfos;fepet;tdfospet;0;
;OTHKERO;PIPELINE;seliqfos;fepet;tdfospet;0;
;PARWAX;PIPELINE;seliqfos;fepet;tdfospet;0;
;REFFEEDS;PIPELINE;seliqfos;fepet;tdfospet;0;
;REFINGAS;PIPELINE;seliqfos;fepet;tdfospet;0;
;RESFUEL;PIPELINE;seliqfos;fepet;tdfospet;0;
;WHITESP;PIPELINE;seliqfos;fepet;tdfospet;0;
;ADDITIVE;RAIL;seliqfos;fepet;tdfospet;0;
;ANTCOAL;RAIL;sesofos;fesoi;tdfossoi;1;
;AVGAS;RAIL;seliqfos;fepet;tdfospet;0;
;BIODIESEL;RAIL;seliqbio;fepet;tdbiopet;0;
;BIOGASES;RAIL;segabio;fegat;tdbiogat;1;
;BIOGASOL;RAIL;seliqbio;fepet;tdbiopet;0;
;BITCOAL;ONONSPEC;sesofos;fesob;tdfossob;1;
;BITUMEN;RAIL;seliqfos;fepet;tdfospet;0;
;BKB;RAIL;sesofos;fesoi;tdfossoi;1;
;BLFURGS;RAIL;segafos;fegat;tdfosgat;1;
;BROWN;RAIL;sesofos;fesoi;tdfossoi;1;
;CHARCOAL;RAIL;sesobio;fesoi;tdbiosoi;1;
;COALTAR;RAIL;seliqfos;fepet;tdfospet;0;
;COKCOAL;RAIL;sesofos;fesoi;tdfossoi;1;
;COKEOVGS;RAIL;segafos;fegat;tdfosgat;1;
;CRNGFEED;RAIL;seliqfos;fepet;tdfospet;0;
;CRUDEOIL;RAIL;seliqfos;fepet;tdfospet;0;
;ELECTR;RAIL;seel;feelt;tdelt;1;
;GASCOKE;RAIL;sesofos;fesoi;tdfossoi;1;
;GASWKSGS;RAIL;segafos;fegat;tdfosgat;1;
;HARDCOAL;RAIL;sesofos;fesoi;tdfossoi;1;
;INDWASTE;RAIL;sesobio;fesoi;tdbiosoi;1;
;JETGAS;RAIL;seliqfos;fepet;tdfospet;0;
;LIGNITE;RAIL;sesofos;fesoi;tdfossoi;1;
;LPG;RAIL;seliqfos;fepet;tdfospet;0;
;LUBRIC;RAIL;seliqfos;fepet;tdfospet;0;
;MUNWASTEN;RAIL;sesobio;fesoi;tdbiosoi;1;
;MUNWASTER;RAIL;sesobio;fesoi;tdbiosoi;1;
;NAPHTHA;RAIL;seliqfos;fepet;tdfospet;0;
;NATGAS;RAIL;segafos;fegat;tdfosgat;1;
;NGL;RAIL;seliqfos;fepet;tdfospet;0;
;NONBIODIES;RAIL;seliqfos;fepet;tdfospet;0;
;NONBIOGASO;RAIL;seliqfos;fepet;tdfospet;0;
;NONBIOJETK;RAIL;seliqfos;fepet;tdfospet;0;
;NONCRUDE;RAIL;seliqfos;fepet;tdfospet;0;
;ADDITIVE;RAIL;seliqfos;fedie;tdfosdie;1;
;AVGAS;RAIL;seliqfos;fedie;tdfosdie;1;
;BIODIESEL;RAIL;seliqbio;fedie;tdbiodie;1;
;OBIOLIQ;RAIL;seliqbio;fepet;tdbiopet;0;
;BIOGASOL;RAIL;seliqbio;fedie;tdbiodie;1;
;BITUMEN;RAIL;seliqfos;fedie;tdfosdie;1;
;OGASES;RAIL;segafos;fegat;tdfosgat;1;
;OILSHALE;RAIL;sesofos;fesoi;tdfossoi;1;
;COALTAR;RAIL;seliqfos;fedie;tdfosdie;1;
;CRNGFEED;RAIL;seliqfos;fedie;tdfosdie;1;
;CRUDEOIL;RAIL;seliqfos;fedie;tdfosdie;1;
;JETGAS;RAIL;seliqfos;fedie;tdfosdie;1;
;LPG;RAIL;seliqfos;fedie;tdfosdie;1;
;LUBRIC;RAIL;seliqfos;fedie;tdfosdie;1;
;NAPHTHA;RAIL;seliqfos;fedie;tdfosdie;1;
;NGL;RAIL;seliqfos;fedie;tdfosdie;1;
;ONONSPEC;RAIL;seliqfos;fepet;tdfospet;0;
;NONBIODIES;RAIL;seliqfos;fedie;tdfosdie;1;
;NONBIOGASO;RAIL;seliqfos;fedie;tdfosdie;1;
;NONBIOJETK;RAIL;seliqfos;fedie;tdfosdie;1;
;NONCRUDE;RAIL;seliqfos;fedie;tdfosdie;1;
;OBIOLIQ;RAIL;seliqbio;fedie;tdbiodie;1;
;ONONSPEC;RAIL;seliqfos;fedie;tdfosdie;1;
;OTHKERO;RAIL;seliqfos;fedie;tdfosdie;1;
;PARWAX;RAIL;seliqfos;fedie;tdfosdie;1;
;REFFEEDS;RAIL;seliqfos;fedie;tdfosdie;1;
;REFINGAS;RAIL;seliqfos;fedie;tdfosdie;1;
;OTHKERO;RAIL;seliqfos;fepet;tdfospet;0;
;RESFUEL;RAIL;seliqfos;fedie;tdfosdie;1;
;WHITESP;RAIL;seliqfos;fedie;tdfosdie;1;
;OVENCOKE;RAIL;sesofos;fesoi;tdfossoi;1;
;PARWAX;RAIL;seliqfos;fepet;tdfospet;0;
;BITCOAL;RESIDENT;sesofos;fesob;tdfossob;1;
;PEAT;RAIL;sesofos;fesoi;tdfossoi;1;
;PEATPROD;RAIL;sesofos;fesoi;tdfossoi;1;
;PETCOKE;RAIL;sesofos;fesoi;tdfossoi;1;
;PRIMSBIO;RAIL;sesobio;fesoi;tdbiosoi;1;
;REFFEEDS;RAIL;seliqfos;fepet;tdfospet;0;
;REFINGAS;RAIL;seliqfos;fepet;tdfospet;0;
;RENEWNS;RAIL;sesobio;fesoi;tdbiosoi;1;
;RESFUEL;RAIL;seliqfos;fepet;tdfospet;0;
;SUBCOAL;RAIL;sesofos;fesoi;tdfossoi;1;
;WHITESP;RAIL;seliqfos;fepet;tdfospet;0;
;ADDITIVE;RESIDENT;seliqfos;fehob;tdfoshob;1;
;ANTCOAL;RESIDENT;sesofos;fesob;tdfossob;1;
;AVGAS;RESIDENT;seliqfos;fehob;tdfoshob;1;
;BIODIESEL;RESIDENT;seliqbio;fehob;tdbiohob;1;
;BIOGASES;RESIDENT;segabio;fegab;tdbiogab;1;
;BIOGASOL;RESIDENT;seliqbio;fehob;tdbiohob;1;
;PATFUEL;COMMPUB;sesofos;fesob;tdfossob;1;
;BITUMEN;RESIDENT;seliqfos;fehob;tdfoshob;1;
;BKB;RESIDENT;sesofos;fesob;tdfossob;1;
;BLFURGS;RESIDENT;segafos;fegab;tdfosgab;1;
;BROWN;RESIDENT;sesofos;fesob;tdfossob;1;
;CHARCOAL;RESIDENT;sesobio;fesob;tdbiosob;1;
;COALTAR;RESIDENT;seliqfos;fehob;tdfoshob;1;
;COKCOAL;RESIDENT;sesofos;fesob;tdfossob;1;
;COKEOVGS;RESIDENT;segafos;fegab;tdfosgab;1;
;CRNGFEED;RESIDENT;seliqfos;fehob;tdfoshob;1;
;CRUDEOIL;RESIDENT;seliqfos;fehob;tdfoshob;1;
;ELECTR;RESIDENT;seel;feelb;tdelb;1;
;ETHANE;RESIDENT;seliqfos;fehob;tdfoshob;1;
;GASCOKE;RESIDENT;sesofos;fesob;tdfossob;1;
;GASWKSGS;RESIDENT;segafos;fegab;tdfosgab;1;
;GEOTHERM;RESIDENT;seel;feelb;tdelb;0.3;
;HARDCOAL;RESIDENT;sesofos;fesob;tdfossob;1;
;HEAT;RESIDENT;sehe;feheb;tdheb;1;
;INDWASTE;RESIDENT;sesobio;fesob;tdbiosob;1;
;JETGAS;RESIDENT;seliqfos;fehob;tdfoshob;1;
;LIGNITE;RESIDENT;sesofos;fesob;tdfossob;1;
;LPG;RESIDENT;seliqfos;fehob;tdfoshob;1;
;LUBRIC;RESIDENT;seliqfos;fehob;tdfoshob;1;
;MUNWASTEN;RESIDENT;sesobio;fesob;tdbiosob;1;
;MUNWASTER;RESIDENT;sesobio;fesob;tdbiosob;1;
;NAPHTHA;RESIDENT;seliqfos;fehob;tdfoshob;1;
;NATGAS;RESIDENT;segafos;fegab;tdfosgab;1;
;NGL;RESIDENT;seliqfos;fehob;tdfoshob;1;
;NONBIODIES;RESIDENT;seliqfos;fehob;tdfoshob;1;
;NONBIOGASO;RESIDENT;seliqfos;fehob;tdfoshob;1;
;NONBIOJETK;RESIDENT;seliqfos;fehob;tdfoshob;1;
;NONCRUDE;RESIDENT;seliqfos;fehob;tdfoshob;1;
;OBIOLIQ;RESIDENT;seliqbio;fehob;tdbiohob;1;
;OGASES;RESIDENT;segafos;fegab;tdfosgab;1;
;OILSHALE;RESIDENT;sesofos;fesob;tdfossob;1;
;ONONSPEC;RESIDENT;seliqfos;fehob;tdfoshob;1;
;OTHKERO;RESIDENT;seliqfos;fehob;tdfoshob;1;
;OVENCOKE;RESIDENT;sesofos;fesob;tdfossob;1;
;PARWAX;RESIDENT;seliqfos;fehob;tdfoshob;1;
;PATFUEL;ONONSPEC;sesofos;fesob;tdfossob;1;
;PEAT;RESIDENT;sesofos;fesob;tdfossob;1;
;PEATPROD;RESIDENT;sesofos;fesob;tdfossob;1;
;PETCOKE;RESIDENT;sesofos;fesob;tdfossob;1;
;PRIMSBIO;RESIDENT;sesobio;fesob;tdbiosob;1;
;REFFEEDS;RESIDENT;seliqfos;fehob;tdfoshob;1;
;REFINGAS;RESIDENT;seliqfos;fehob;tdfoshob;1;
;RENEWNS;RESIDENT;sesobio;fesob;tdbiosob;1;
;RESFUEL;RESIDENT;seliqfos;fehob;tdfoshob;1;
;SOLARTH;RESIDENT;sehe;feheb;tdheb;0;
;SUBCOAL;RESIDENT;sesofos;fesob;tdfossob;1;
;WHITESP;RESIDENT;seliqfos;fehob;tdfoshob;1;
;ADDITIVE;ROAD;seliqfos;fepet;tdfospet;1;
;AVGAS;ROAD;seliqfos;fepet;tdfospet;0;
;BIODIESEL;ROAD;seliqbio;fepet;tdbiopet;0;
;BIOGASES;ROAD;segabio;fegat;tdbiogat;1;
;BIOGASOL;ROAD;seliqbio;fepet;tdbiopet;1;
;BITUMEN;ROAD;seliqfos;fepet;tdfospet;0;
;BLFURGS;ROAD;segafos;fegat;tdfosgat;1;
;COALTAR;ROAD;seliqfos;fepet;tdfospet;0;
;COKEOVGS;ROAD;segafos;fegat;tdfosgat;1;
;CRNGFEED;ROAD;seliqfos;fepet;tdfospet;0;
;CRUDEOIL;ROAD;seliqfos;fepet;tdfospet;0;
;ELECTR;ROAD;seel;feelt;tdelt;1;
;ETHANE;ROAD;seliqfos;fepet;tdfospet;1;
;GASWKSGS;ROAD;segafos;fegat;tdfosgat;1;
;JETGAS;ROAD;seliqfos;fepet;tdfospet;0;
;LPG;ROAD;seliqfos;fepet;tdfospet;1;
;LUBRIC;ROAD;seliqfos;fepet;tdfospet;1;
;NAPHTHA;ROAD;seliqfos;fepet;tdfospet;1;
;NATGAS;ROAD;segafos;fegat;tdfosgat;1;
;NGL;ROAD;seliqfos;fepet;tdfospet;1;
;NONBIODIES;ROAD;seliqfos;fepet;tdfospet;0;
;NONBIOGASO;ROAD;seliqfos;fepet;tdfospet;1;
;NONBIOJETK;ROAD;seliqfos;fepet;tdfospet;0;
;NONCRUDE;ROAD;seliqfos;fepet;tdfospet;0;
;OBIOLIQ;ROAD;seliqbio;fepet;tdbiopet;1;
;OGASES;ROAD;segafos;fegat;tdfosgat;1;
;ONONSPEC;ROAD;seliqfos;fepet;tdfospet;1;
;OTHKERO;ROAD;seliqfos;fepet;tdfospet;0;
;ADDITIVE;ROAD;seliqfos;fedie;tdfosdie;0;
;AVGAS;ROAD;seliqfos;fedie;tdfosdie;1;
;BIODIESEL;ROAD;seliqbio;fedie;tdbiodie;1;
;BIOGASOL;ROAD;seliqbio;fedie;tdbiodie;0;
;BITUMEN;ROAD;seliqfos;fedie;tdfosdie;1;
;COALTAR;ROAD;seliqfos;fedie;tdfosdie;1;
;CRNGFEED;ROAD;seliqfos;fedie;tdfosdie;1;
;CRUDEOIL;ROAD;seliqfos;fedie;tdfosdie;1;
;JETGAS;ROAD;seliqfos;fedie;tdfosdie;1;
;PARWAX;ROAD;seliqfos;fepet;tdfospet;1;
;LPG;ROAD;seliqfos;fedie;tdfosdie;0;
;LUBRIC;ROAD;seliqfos;fedie;tdfosdie;0;
;NAPHTHA;ROAD;seliqfos;fedie;tdfosdie;0;
;NGL;ROAD;seliqfos;fedie;tdfosdie;0;
;NONBIODIES;ROAD;seliqfos;fedie;tdfosdie;1;
;NONBIOGASO;ROAD;seliqfos;fedie;tdfosdie;0;
;NONBIOJETK;ROAD;seliqfos;fedie;tdfosdie;1;
;NONCRUDE;ROAD;seliqfos;fedie;tdfosdie;1;
;OBIOLIQ;ROAD;seliqbio;fedie;tdbiodie;0;
;ONONSPEC;ROAD;seliqfos;fedie;tdfosdie;0;
;REFFEEDS;ROAD;seliqfos;fepet;tdfospet;0;
;OTHKERO;ROAD;seliqfos;fedie;tdfosdie;1;
;PARWAX;ROAD;seliqfos;fedie;tdfosdie;0;
;REFFEEDS;ROAD;seliqfos;fedie;tdfosdie;1;
;REFINGAS;ROAD;seliqfos;fedie;tdfosdie;1;
;RESFUEL;ROAD;seliqfos;fedie;tdfosdie;1;
;WHITESP;ROAD;seliqfos;fedie;tdfosdie;0;
;REFINGAS;ROAD;seliqfos;fepet;tdfospet;0;
;RESFUEL;ROAD;seliqfos;fepet;tdfospet;0;
;WHITESP;ROAD;seliqfos;fepet;tdfospet;1;
;ANTCOAL;TBKB;pecoal;sesofos;coaltr;-1;
;PATFUEL;RESIDENT;sesofos;fesob;tdfossob;1;
;BKB;TBKB;pecoal;sesofos;coaltr;0;
;BROWN;TBKB;pecoal;sesofos;coaltr;-1;
;COALTAR;TBKB;pecoal;sesofos;coaltr;0;
;COKCOAL;TBKB;pecoal;sesofos;coaltr;-1;
;GASCOKE;TBKB;pecoal;sesofos;coaltr;0;
;HARDCOAL;TBKB;pecoal;sesofos;coaltr;-1;
;LIGNITE;TBKB;pecoal;sesofos;coaltr;-1;
;OVENCOKE;TBKB;pecoal;sesofos;coaltr;0;
;BITCOAL;AGRICULT;sesofos;fesoi;tdfossoi;1;
;PEAT;TBKB;pecoal;sesofos;coaltr;0;
;SUBCOAL;TBKB;pecoal;sesofos;coaltr;-1;
;ADDITIVE;TBLASTFUR;seliqfos;fehoi;tdfoshoi;-1;
;ANTCOAL;TBLASTFUR;sesofos;fesoi;tdfossoi;-1;
;ANTCOAL;TBLASTFUR;pecoal;sesofos;coaltr;-1;
;AVGAS;TBLASTFUR;seliqfos;fehoi;tdfoshoi;-1;
;BIODIESEL;TBLASTFUR;seliqbio;fehoi;tdbiohoi;-1;
;BIOGASES;TBLASTFUR;segabio;fegai;tdbiogai;1;
;BIOGASOL;TBLASTFUR;seliqbio;fehoi;tdbiohoi;-1;
;BITCOAL;EBLASTFUR;sesofos;fesoi;tdfossoi;-1;
;BITCOAL;ECOKEOVS;sesofos;fesoi;tdfossoi;0;
;BITUMEN;TBLASTFUR;seliqfos;fehoi;tdfoshoi;-1;
;BKB;TBLASTFUR;sesofos;fesoi;tdfossoi;-1;
;BKB;TBLASTFUR;pecoal;sesofos;coaltr;0;
;BLFURGS;TBLASTFUR;segafos;fegai;tdfosgai;0;
;BLFURGS;TBLASTFUR;pecoal;segafos;coalgas;1.667;
;BLFURGS;TBLASTFUR;sesofos;fesoi;tdfossoi;-1.667;
;BROWN;TBLASTFUR;sesofos;fesoi;tdfossoi;-1;
;BROWN;TBLASTFUR;pecoal;sesofos;coaltr;-1;
;CHARCOAL;TBLASTFUR;sesobio;fesoi;tdbiosoi;-1;
;COALTAR;TBLASTFUR;seliqfos;fehoi;tdfoshoi;-1;
;COALTAR;TBLASTFUR;pecoal;sesofos;coaltr;0;
;COKCOAL;TBLASTFUR;sesofos;fesoi;tdfossoi;-1;
;COKCOAL;TBLASTFUR;pecoal;sesofos;coaltr;-1;
;COKEOVGS;TBLASTFUR;segafos;fegai;tdfosgai;0;
;CRNGFEED;TBLASTFUR;seliqfos;fehoi;tdfoshoi;-1;
;CRUDEOIL;TBLASTFUR;seliqfos;fehoi;tdfoshoi;-1;
;ELECTR;TBLASTFUR;seel;feeli;tdeli;-1;
;ETHANE;TBLASTFUR;seliqfos;fehoi;tdfoshoi;-1;
;GASCOKE;TBLASTFUR;sesofos;fesoi;tdfossoi;-1;
;GASCOKE;TBLASTFUR;pecoal;sesofos;coaltr;0;
;GASWKSGS;TBLASTFUR;segafos;fegai;tdfosgai;0;
;GEOTHERM;TBLASTFUR;seel;feeli;tdeli;-0.3;
;HARDCOAL;TBLASTFUR;sesofos;fesoi;tdfossoi;-1;
;HARDCOAL;TBLASTFUR;pecoal;sesofos;coaltr;-1;
;HEAT;TBLASTFUR;sehe;fehei;tdhei;-1;
;INDWASTE;TBLASTFUR;sesobio;fesoi;tdbiosoi;-1;
;JETGAS;TBLASTFUR;seliqfos;fehoi;tdfoshoi;-1;
;LIGNITE;TBLASTFUR;sesofos;fesoi;tdfossoi;-1;
;LIGNITE;TBLASTFUR;pecoal;sesofos;coaltr;-1;
;LPG;TBLASTFUR;seliqfos;fehoi;tdfoshoi;-1;
;LUBRIC;TBLASTFUR;seliqfos;fehoi;tdfoshoi;-1;
;MUNWASTEN;TBLASTFUR;sesobio;fesoi;tdbiosoi;-1;
;MUNWASTER;TBLASTFUR;sesobio;fesoi;tdbiosoi;-1;
;NAPHTHA;TBLASTFUR;seliqfos;fehoi;tdfoshoi;-1;
;NATGAS;TBLASTFUR;segafos;fegai;tdfosgai;1;
;NGL;TBLASTFUR;seliqfos;fehoi;tdfoshoi;-1;
;NONBIODIES;TBLASTFUR;seliqfos;fehoi;tdfoshoi;-1;
;NONBIOGASO;TBLASTFUR;seliqfos;fehoi;tdfoshoi;-1;
;NONBIOJETK;TBLASTFUR;seliqfos;fehoi;tdfoshoi;-1;
;ADDITIVE;TBLASTFUR;peoil;seliqfos;refliq;-1;
;AVGAS;TBLASTFUR;peoil;seliqfos;refliq;-1;
;BITUMEN;TBLASTFUR;peoil;seliqfos;refliq;-1;
;CRNGFEED;TBLASTFUR;peoil;seliqfos;refliq;-1;
;CRUDEOIL;TBLASTFUR;peoil;seliqfos;refliq;-1;
;ETHANE;TBLASTFUR;peoil;seliqfos;refliq;-1;
;JETGAS;TBLASTFUR;peoil;seliqfos;refliq;-1;
;LPG;TBLASTFUR;peoil;seliqfos;refliq;-1;
;NONCRUDE;TBLASTFUR;seliqfos;fehoi;tdfoshoi;-1;
;LUBRIC;TBLASTFUR;peoil;seliqfos;refliq;-1;
;NAPHTHA;TBLASTFUR;peoil;seliqfos;refliq;-1;
;NGL;TBLASTFUR;peoil;seliqfos;refliq;-1;
;NONBIODIES;TBLASTFUR;peoil;seliqfos;refliq;-1;
;OBIOLIQ;TBLASTFUR;seliqbio;fehoi;tdbiohoi;-1;
;OGASES;TBLASTFUR;segafos;fegai;tdfosgai;0;
;OGASES;TBLASTFUR;pecoal;segafos;coalgas;1.667;
;OILSHALE;TBLASTFUR;sesofos;fesoi;tdfossoi;-1;
;NONBIOGASO;TBLASTFUR;peoil;seliqfos;refliq;-1;
;NONBIOJETK;TBLASTFUR;peoil;seliqfos;refliq;-1;
;NONCRUDE;TBLASTFUR;peoil;seliqfos;refliq;-1;
;ONONSPEC;TBLASTFUR;peoil;seliqfos;refliq;-1;
;OTHKERO;TBLASTFUR;peoil;seliqfos;refliq;-1;
;PARWAX;TBLASTFUR;peoil;seliqfos;refliq;-1;
;ONONSPEC;TBLASTFUR;seliqfos;fehoi;tdfoshoi;-1;
;PETCOKE;TBLASTFUR;peoil;seliqfos;refliq;-1;
;REFFEEDS;TBLASTFUR;peoil;seliqfos;refliq;-1;
;REFINGAS;TBLASTFUR;peoil;seliqfos;refliq;-1;
;RESFUEL;TBLASTFUR;peoil;seliqfos;refliq;-1;
;WHITESP;TBLASTFUR;peoil;seliqfos;refliq;-1;
;OTHKERO;TBLASTFUR;seliqfos;fehoi;tdfoshoi;-1;
;OVENCOKE;TBLASTFUR;sesofos;fesoi;tdfossoi;-1;
;OVENCOKE;TBLASTFUR;pecoal;sesofos;coaltr;0;
;PARWAX;TBLASTFUR;seliqfos;fehoi;tdfoshoi;-1;
;BITCOAL;FISHING;sesofos;fesoi;tdfossoi;1;
;BITCOAL;NONENUSE;sesofos;fesoi;tdfossoi;1;
;PEAT;TBLASTFUR;sesofos;fesoi;tdfossoi;-1;
;PEAT;TBLASTFUR;pecoal;sesofos;coaltr;0;
;PEATPROD;TBLASTFUR;sesofos;fesoi;tdfossoi;-1;
;PETCOKE;TBLASTFUR;sesofos;fesoi;tdfossoi;-1;
;PRIMSBIO;TBLASTFUR;sesobio;fesoi;tdbiosoi;-1;
;REFFEEDS;TBLASTFUR;seliqfos;fehoi;tdfoshoi;-1;
;REFINGAS;TBLASTFUR;seliqfos;fehoi;tdfoshoi;-1;
;RENEWNS;TBLASTFUR;sesobio;fesoi;tdbiosoi;-1;
;RESFUEL;TBLASTFUR;seliqfos;fehoi;tdfoshoi;-1;
;SOLARTH;TBLASTFUR;sehe;fehei;tdhei;0;
;SUBCOAL;TBLASTFUR;sesofos;fesoi;tdfossoi;-1;
;SUBCOAL;TBLASTFUR;pecoal;sesofos;coaltr;-1;
;WHITESP;TBLASTFUR;seliqfos;fehoi;tdfoshoi;-1;
;PRIMSBIO;TCHARCOAL;pebiolc;sesobio;biotr;-1;
;BITCOAL;RAIL;sesofos;fesoi;tdfossoi;1;
;COKCOAL;TCOALLIQ;pecoal;seliqfos;coalftrec;-1;
;ADDITIVE;TCOKEOVS;seliqfos;fehoi;tdfoshoi;-1;
;ANTCOAL;TCOKEOVS;sesofos;fesoi;tdfossoi;0;
;ANTCOAL;TCOKEOVS;pecoal;sesofos;coaltr;-1;
;AVGAS;TCOKEOVS;seliqfos;fehoi;tdfoshoi;-1;
;BIODIESEL;TCOKEOVS;seliqbio;fehoi;tdbiohoi;-1;
;BIOGASES;TCOKEOVS;segabio;fegai;tdbiogai;1;
;BIOGASOL;TCOKEOVS;seliqbio;fehoi;tdbiohoi;-1;
;BITCOAL;TBLASTFUR;sesofos;fesoi;tdfossoi;-1;
;BITCOAL;TCOKEOVS;sesofos;fesoi;tdfossoi;0;
;BITUMEN;TCOKEOVS;seliqfos;fehoi;tdfoshoi;-1;
;BKB;TCOKEOVS;sesofos;fesoi;tdfossoi;0;
;BKB;TCOKEOVS;pecoal;sesofos;coaltr;0;
;BLFURGS;TCOKEOVS;segafos;fegai;tdfosgai;0;
;BROWN;TCOKEOVS;sesofos;fesoi;tdfossoi;0;
;BROWN;TCOKEOVS;pecoal;sesofos;coaltr;-1;
;CHARCOAL;TCOKEOVS;sesobio;fesoi;tdbiosoi;0;
;COALTAR;TCOKEOVS;seliqfos;fehoi;tdfoshoi;-1;
;COALTAR;TCOKEOVS;pecoal;sesofos;coaltr;0;
;COKCOAL;TCOKEOVS;sesofos;fesoi;tdfossoi;0;
;COKCOAL;TCOKEOVS;pecoal;sesofos;coaltr;-1;
;COKEOVGS;TCOKEOVS;segafos;fegai;tdfosgai;0;
;COKEOVGS;TCOKEOVS;pecoal;segafos;coalgas;1.667;
;CRNGFEED;TCOKEOVS;seliqfos;fehoi;tdfoshoi;-1;
;CRUDEOIL;TCOKEOVS;seliqfos;fehoi;tdfoshoi;-1;
;ELECTR;TCOKEOVS;seel;feeli;tdeli;-1;
;ETHANE;TCOKEOVS;seliqfos;fehoi;tdfoshoi;-1;
;GASCOKE;TCOKEOVS;sesofos;fesoi;tdfossoi;0;
;GASCOKE;TCOKEOVS;pecoal;sesofos;coaltr;0;
;GASWKSGS;TCOKEOVS;segafos;fegai;tdfosgai;0;
;GEOTHERM;TCOKEOVS;seel;feeli;tdeli;-0.3;
;HARDCOAL;TCOKEOVS;sesofos;fesoi;tdfossoi;0;
;HARDCOAL;TCOKEOVS;pecoal;sesofos;coaltr;-1;
;HEAT;TCOKEOVS;sehe;fehei;tdhei;-1;
;INDWASTE;TCOKEOVS;sesobio;fesoi;tdbiosoi;0;
;JETGAS;TCOKEOVS;seliqfos;fehoi;tdfoshoi;-1;
;LIGNITE;TCOKEOVS;sesofos;fesoi;tdfossoi;0;
;LIGNITE;TCOKEOVS;pecoal;sesofos;coaltr;-1;
;LPG;TCOKEOVS;seliqfos;fehoi;tdfoshoi;-1;
;LUBRIC;TCOKEOVS;seliqfos;fehoi;tdfoshoi;-1;
;MUNWASTEN;TCOKEOVS;sesobio;fesoi;tdbiosoi;0;
;MUNWASTER;TCOKEOVS;sesobio;fesoi;tdbiosoi;0;
;NAPHTHA;TCOKEOVS;seliqfos;fehoi;tdfoshoi;-1;
;NATGAS;TCOKEOVS;segafos;fegai;tdfosgai;1;
;NGL;TCOKEOVS;seliqfos;fehoi;tdfoshoi;-1;
;NONBIODIES;TCOKEOVS;seliqfos;fehoi;tdfoshoi;-1;
;NONBIOGASO;TCOKEOVS;seliqfos;fehoi;tdfoshoi;-1;
;NONBIOJETK;TCOKEOVS;seliqfos;fehoi;tdfoshoi;-1;
;NONCRUDE;TCOKEOVS;seliqfos;fehoi;tdfoshoi;-1;
;OBIOLIQ;TCOKEOVS;seliqbio;fehoi;tdbiohoi;-1;
;OGASES;TCOKEOVS;segafos;fegai;tdfosgai;0;
;OILSHALE;TCOKEOVS;sesofos;fesoi;tdfossoi;0;
;ONONSPEC;TCOKEOVS;seliqfos;fehoi;tdfoshoi;-1;
;ADDITIVE;TCOKEOVS;peoil;seliqfos;refliq;-1;
;AVGAS;TCOKEOVS;peoil;seliqfos;refliq;-1;
;BITUMEN;TCOKEOVS;peoil;seliqfos;refliq;-1;
;CRNGFEED;TCOKEOVS;peoil;seliqfos;refliq;-1;
;CRUDEOIL;TCOKEOVS;peoil;seliqfos;refliq;-1;
;ETHANE;TCOKEOVS;peoil;seliqfos;refliq;-1;
;OTHKERO;TCOKEOVS;seliqfos;fehoi;tdfoshoi;-1;
;JETGAS;TCOKEOVS;peoil;seliqfos;refliq;-1;
;LPG;TCOKEOVS;peoil;seliqfos;refliq;-1;
;LUBRIC;TCOKEOVS;peoil;seliqfos;refliq;-1;
;OVENCOKE;TCOKEOVS;sesofos;fesoi;tdfossoi;0;
;OVENCOKE;TCOKEOVS;pecoal;sesofos;coaltr;0;
;NAPHTHA;TCOKEOVS;peoil;seliqfos;refliq;-1;
;NGL;TCOKEOVS;peoil;seliqfos;refliq;-1;
;NONBIODIES;TCOKEOVS;peoil;seliqfos;refliq;-1;
;NONBIOGASO;TCOKEOVS;peoil;seliqfos;refliq;-1;
;NONBIOJETK;TCOKEOVS;peoil;seliqfos;refliq;-1;
;NONCRUDE;TCOKEOVS;peoil;seliqfos;refliq;-1;
;ONONSPEC;TCOKEOVS;peoil;seliqfos;refliq;-1;
;PARWAX;TCOKEOVS;seliqfos;fehoi;tdfoshoi;-1;
;OTHKERO;TCOKEOVS;peoil;seliqfos;refliq;-1;
;PARWAX;TCOKEOVS;peoil;seliqfos;refliq;-1;
;PETCOKE;TCOKEOVS;peoil;seliqfos;refliq;-1;
;BITCOAL;TOTIND;sesofos;fesoi;tdfossoi;1;
;PATFUEL;AGRICULT;sesofos;fesoi;tdfossoi;1;
;PEAT;TCOKEOVS;sesofos;fesoi;tdfossoi;0;
;PEAT;TCOKEOVS;pecoal;sesofos;coaltr;0;
;PEATPROD;TCOKEOVS;sesofos;fesoi;tdfossoi;0;
;REFFEEDS;TCOKEOVS;peoil;seliqfos;refliq;-1;
;REFINGAS;TCOKEOVS;peoil;seliqfos;refliq;-1;
;RESFUEL;TCOKEOVS;peoil;seliqfos;refliq;-1;
;WHITESP;TCOKEOVS;peoil;seliqfos;refliq;-1;
;PETCOKE;TCOKEOVS;sesofos;fesoi;tdfossoi;0;
;PRIMSBIO;TCOKEOVS;sesobio;fesoi;tdbiosoi;0;
;REFFEEDS;TCOKEOVS;seliqfos;fehoi;tdfoshoi;-1;
;REFINGAS;TCOKEOVS;seliqfos;fehoi;tdfoshoi;-1;
;RENEWNS;TCOKEOVS;sesobio;fesoi;tdbiosoi;0;
;RESFUEL;TCOKEOVS;seliqfos;fehoi;tdfoshoi;-1;
;SOLARTH;TCOKEOVS;sehe;fehei;tdhei;0;
;SUBCOAL;TCOKEOVS;sesofos;fesoi;tdfossoi;0;
;SUBCOAL;TCOKEOVS;pecoal;sesofos;coaltr;-1;
;WHITESP;TCOKEOVS;seliqfos;fehoi;tdfoshoi;-1;
;ANTCOAL;TFC;pecoal;sesofos;coaltr;1;
;BIODIESEL;TFC;pebioil;seliqbio;biodiesel;1;
;BIOGASES;TFC;pebiolc;segabio;biogas;1;
;BIOGASOL;TFC;pebios;seliqbio;bioeths;1;
;PATFUEL;EBLASTFUR;sesofos;fesoi;tdfossoi;-1;
;BKB;TFC;pecoal;sesofos;coaltr;1;
;BROWN;TFC;pecoal;sesofos;coaltr;1;
;CHARCOAL;TFC;pebiolc;sesobio;biotr;1;
;COALTAR;TFC;pecoal;sesofos;coaltr;1;
;COKCOAL;TFC;pecoal;sesofos;coaltr;1;
;GASCOKE;TFC;pecoal;sesofos;coaltr;1;
;GEOTHERM;TFC;pegeo;sehe;geohe;1;
;HARDCOAL;TFC;pecoal;sesofos;coaltr;1;
;INDWASTE;TFC;pebiolc;sesobio;biotr;1;
;LIGNITE;TFC;pecoal;sesofos;coaltr;1;
;MANGAS;TFC;pegas;segafos;gastr;1;
;MUNWASTEN;TFC;pebiolc;sesobio;biotr;1;
;MUNWASTER;TFC;pebiolc;sesobio;biotr;1;
;NATGAS;TFC;pegas;segafos;gastr;1;
;OBIOLIQ;TFC;pebios;seliqbio;bioeths;1;
;OVENCOKE;TFC;pecoal;sesofos;coaltr;1;
;PATFUEL;ECOKEOVS;sesofos;fesoi;tdfossoi;0;
;PEAT;TFC;pecoal;sesofos;coaltr;1;
;PEATPROD;TFC;pecoal;sesofos;coaltr;1;
;ADDITIVE;TFC;peoil;seliqfos;refliq;1;
;AVGAS;TFC;peoil;seliqfos;refliq;1;
;BITUMEN;TFC;peoil;seliqfos;refliq;1;
;CRNGFEED;TFC;peoil;seliqfos;refliq;1;
;CRUDEOIL;TFC;peoil;seliqfos;refliq;1;
;ETHANE;TFC;peoil;seliqfos;refliq;1;
;PRIMSBIO;TFC;pebiolc;sesobio;biotr;1;
;JETGAS;TFC;peoil;seliqfos;refliq;1;
;LPG;TFC;peoil;seliqfos;refliq;1;
;LUBRIC;TFC;peoil;seliqfos;refliq;1;
;NAPHTHA;TFC;peoil;seliqfos;refliq;1;
;NGL;TFC;peoil;seliqfos;refliq;1;
;NONBIODIES;TFC;peoil;seliqfos;refliq;1;
;NONBIOGASO;TFC;peoil;seliqfos;refliq;1;
;NONBIOJETK;TFC;peoil;seliqfos;refliq;1;
;NONCRUDE;TFC;peoil;seliqfos;refliq;1;
;ONONSPEC;TFC;peoil;seliqfos;refliq;1;
;OTHKERO;TFC;peoil;seliqfos;refliq;1;
;PARWAX;TFC;peoil;seliqfos;refliq;1;
;PETCOKE;TFC;peoil;seliqfos;refliq;1;
;REFFEEDS;TFC;peoil;seliqfos;refliq;1;
;REFINGAS;TFC;peoil;seliqfos;refliq;1;
;RESFUEL;TFC;peoil;seliqfos;refliq;1;
;WHITESP;TFC;peoil;seliqfos;refliq;1;
;RENEWNS;TFC;pebiolc;sesobio;biotr;1;
;SUBCOAL;TFC;pecoal;sesofos;coaltr;1;
;ADDITIVE;TGASWKS;seliqfos;fehoi;tdfoshoi;-1;
;ANTCOAL;TGASWKS;pecoal;sesofos;coaltr;0;
;AVGAS;TGASWKS;seliqfos;fehoi;tdfoshoi;-1;
;BIODIESEL;TGASWKS;seliqbio;fehoi;tdbiohoi;-1;
;BIOGASOL;TGASWKS;seliqbio;fehoi;tdbiohoi;-1;
;PATFUEL;FISHING;sesofos;fesoi;tdfossoi;1;
;BITUMEN;TGASWKS;seliqfos;fehoi;tdfoshoi;-1;
;BKB;TGASWKS;pecoal;sesofos;coaltr;0;
;BROWN;TGASWKS;pecoal;sesofos;coaltr;0;
;COALTAR;TGASWKS;seliqfos;fehoi;tdfoshoi;-1;
;COALTAR;TGASWKS;pecoal;sesofos;coaltr;0;
;COKCOAL;TGASWKS;pecoal;sesofos;coaltr;0;
;CRNGFEED;TGASWKS;seliqfos;fehoi;tdfoshoi;-1;
;CRUDEOIL;TGASWKS;seliqfos;fehoi;tdfoshoi;-1;
;ETHANE;TGASWKS;seliqfos;fehoi;tdfoshoi;-1;
;GASCOKE;TGASWKS;pecoal;sesofos;coaltr;0;
;GASWKSGS;TGASWKS;pecoal;segafos;coalgas;1.667;
;HARDCOAL;TGASWKS;pecoal;sesofos;coaltr;0;
;JETGAS;TGASWKS;seliqfos;fehoi;tdfoshoi;-1;
;LIGNITE;TGASWKS;pecoal;sesofos;coaltr;0;
;LPG;TGASWKS;seliqfos;fehoi;tdfoshoi;-1;
;LUBRIC;TGASWKS;seliqfos;fehoi;tdfoshoi;-1;
;NAPHTHA;TGASWKS;seliqfos;fehoi;tdfoshoi;-1;
;NGL;TGASWKS;seliqfos;fehoi;tdfoshoi;-1;
;NONBIODIES;TGASWKS;seliqfos;fehoi;tdfoshoi;-1;
;NONBIOGASO;TGASWKS;seliqfos;fehoi;tdfoshoi;-1;
;NONBIOJETK;TGASWKS;seliqfos;fehoi;tdfoshoi;-1;
;NONCRUDE;TGASWKS;seliqfos;fehoi;tdfoshoi;-1;
;OBIOLIQ;TGASWKS;seliqbio;fehoi;tdbiohoi;-1;
;ONONSPEC;TGASWKS;seliqfos;fehoi;tdfoshoi;-1;
;OTHKERO;TGASWKS;seliqfos;fehoi;tdfoshoi;-1;
;OVENCOKE;TGASWKS;pecoal;sesofos;coaltr;0;
;PARWAX;TGASWKS;seliqfos;fehoi;tdfoshoi;-1;
;PATFUEL;NONENUSE;sesofos;fesoi;tdfossoi;1;
;PEAT;TGASWKS;pecoal;sesofos;coaltr;0;
;REFFEEDS;TGASWKS;seliqfos;fehoi;tdfoshoi;-1;
;REFINGAS;TGASWKS;seliqfos;fehoi;tdfoshoi;-1;
;RESFUEL;TGASWKS;seliqfos;fehoi;tdfoshoi;-1;
;SUBCOAL;TGASWKS;pecoal;sesofos;coaltr;0;
;WHITESP;TGASWKS;seliqfos;fehoi;tdfoshoi;-1;
;NATGAS;TGTL;pegas;seliqfos;gasftrec;-1;
;NATGAS;TNONSPEC;pegas;segafos;gastr;-1;
;BIODIESEL;TOTENGY;pebioil;seliqbio;biodiesel;-1;
;BIOGASES;TOTENGY;pebiolc;segabio;biogas;-1;
;BIOGASOL;TOTENGY;pebios;seliqbio;bioeths;-1;
;OBIOLIQ;TOTENGY;pebios;seliqbio;bioeths;-1;
;ADDITIVE;TOTENGY;peoil;seliqfos;refliq;-1;
;AVGAS;TOTENGY;peoil;seliqfos;refliq;-1;
;BITUMEN;TOTENGY;peoil;seliqfos;refliq;-1;
;CRNGFEED;TOTENGY;peoil;seliqfos;refliq;-1;
;CRUDEOIL;TOTENGY;peoil;seliqfos;refliq;-1;
;ETHANE;TOTENGY;peoil;seliqfos;refliq;-1;
;JETGAS;TOTENGY;peoil;seliqfos;refliq;-1;
;LPG;TOTENGY;peoil;seliqfos;refliq;-1;
;LUBRIC;TOTENGY;peoil;seliqfos;refliq;-1;
;NAPHTHA;TOTENGY;peoil;seliqfos;refliq;-1;
;NGL;TOTENGY;peoil;seliqfos;refliq;-1;
;NONBIODIES;TOTENGY;peoil;seliqfos;refliq;-1;
;NONBIOGASO;TOTENGY;peoil;seliqfos;refliq;-1;
;NONBIOJETK;TOTENGY;peoil;seliqfos;refliq;-1;
;NONCRUDE;TOTENGY;peoil;seliqfos;refliq;-1;
;ONONSPEC;TOTENGY;peoil;seliqfos;refliq;-1;
;OTHKERO;TOTENGY;peoil;seliqfos;refliq;-1;
;PARWAX;TOTENGY;peoil;seliqfos;refliq;-1;
;PETCOKE;TOTENGY;peoil;seliqfos;refliq;-1;
;REFFEEDS;TOTENGY;peoil;seliqfos;refliq;-1;
;REFINGAS;TOTENGY;peoil;seliqfos;refliq;-1;
;RESFUEL;TOTENGY;peoil;seliqfos;refliq;-1;
;WHITESP;TOTENGY;peoil;seliqfos;refliq;-1;
;ADDITIVE;TOTIND;seliqfos;fehoi;tdfoshoi;1;
;ANTCOAL;TOTIND;sesofos;fesoi;tdfossoi;1;
;AVGAS;TOTIND;seliqfos;fehoi;tdfoshoi;1;
;BIODIESEL;TOTIND;seliqbio;fehoi;tdbiohoi;1;
;BIOGASES;TOTIND;segabio;fegai;tdbiogai;1;
;BIOGASOL;TOTIND;seliqbio;fehoi;tdbiohoi;1;
;PATFUEL;RAIL;sesofos;fesoi;tdfossoi;1;
;BITUMEN;TOTIND;seliqfos;fehoi;tdfoshoi;1;
;BKB;TOTIND;sesofos;fesoi;tdfossoi;1;
;BLFURGS;TOTIND;segafos;fegai;tdfosgai;1;
;BROWN;TOTIND;sesofos;fesoi;tdfossoi;1;
;CHARCOAL;TOTIND;sesobio;fesoi;tdbiosoi;1;
;COALTAR;TOTIND;seliqfos;fehoi;tdfoshoi;1;
;COKCOAL;TOTIND;sesofos;fesoi;tdfossoi;1;
;COKEOVGS;TOTIND;segafos;fegai;tdfosgai;1;
;CRNGFEED;TOTIND;seliqfos;fehoi;tdfoshoi;1;
;CRUDEOIL;TOTIND;seliqfos;fehoi;tdfoshoi;1;
;ELECTR;TOTIND;seel;feeli;tdeli;1;
;ETHANE;TOTIND;seliqfos;fehoi;tdfoshoi;1;
;GASCOKE;TOTIND;sesofos;fesoi;tdfossoi;1;
;GASWKSGS;TOTIND;segafos;fegai;tdfosgai;1;
;GEOTHERM;TOTIND;seel;feeli;tdeli;0.3;
;HARDCOAL;TOTIND;sesofos;fesoi;tdfossoi;1;
;HEAT;TOTIND;sehe;fehei;tdhei;1;
;INDWASTE;TOTIND;sesobio;fesoi;tdbiosoi;1;
;JETGAS;TOTIND;seliqfos;fehoi;tdfoshoi;1;
;LIGNITE;TOTIND;sesofos;fesoi;tdfossoi;1;
;LPG;TOTIND;seliqfos;fehoi;tdfoshoi;1;
;LUBRIC;TOTIND;seliqfos;fehoi;tdfoshoi;1;
;MUNWASTEN;TOTIND;sesobio;fesoi;tdbiosoi;1;
;MUNWASTER;TOTIND;sesobio;fesoi;tdbiosoi;1;
;NAPHTHA;TOTIND;seliqfos;fehoi;tdfoshoi;1;
;NATGAS;TOTIND;segafos;fegai;tdfosgai;1;
;NGL;TOTIND;seliqfos;fehoi;tdfoshoi;1;
;NONBIODIES;TOTIND;seliqfos;fehoi;tdfoshoi;1;
;NONBIOGASO;TOTIND;seliqfos;fehoi;tdfoshoi;1;
;NONBIOJETK;TOTIND;seliqfos;fehoi;tdfoshoi;1;
;NONCRUDE;TOTIND;seliqfos;fehoi;tdfoshoi;1;
;OBIOLIQ;TOTIND;seliqbio;fehoi;tdbiohoi;1;
;OGASES;TOTIND;segafos;fegai;tdfosgai;1;
;OILSHALE;TOTIND;sesofos;fesoi;tdfossoi;1;
;ONONSPEC;TOTIND;seliqfos;fehoi;tdfoshoi;1;
;OTHKERO;TOTIND;seliqfos;fehoi;tdfoshoi;1;
;OVENCOKE;TOTIND;sesofos;fesoi;tdfossoi;1;
;PARWAX;TOTIND;seliqfos;fehoi;tdfoshoi;1;
;PATFUEL;TBLASTFUR;sesofos;fesoi;tdfossoi;-1;
;PEAT;TOTIND;sesofos;fesoi;tdfossoi;1;
;PEATPROD;TOTIND;sesofos;fesoi;tdfossoi;1;
;PETCOKE;TOTIND;sesofos;fesoi;tdfossoi;1;
;PRIMSBIO;TOTIND;sesobio;fesoi;tdbiosoi;1;
;REFFEEDS;TOTIND;seliqfos;fehoi;tdfoshoi;1;
;REFINGAS;TOTIND;seliqfos;fehoi;tdfoshoi;1;
;RENEWNS;TOTIND;sesobio;fesoi;tdbiosoi;1;
;RESFUEL;TOTIND;seliqfos;fehoi;tdfoshoi;1;
;SOLARTH;TOTIND;sehe;fehei;tdhei;0;
;SUBCOAL;TOTIND;sesofos;fesoi;tdfossoi;1;
;WHITESP;TOTIND;seliqfos;fehoi;tdfoshoi;1;
;HYDRO;TOTTRANF;pehyd;seel;hydro;-1;
;SOLARPV;TOTTRANF;pesol;seel;spv;-1;
;WIND;TOTTRANF;pewin;seel;wind;-1;
;ANTCOAL;TPATFUEL;pecoal;sesofos;coaltr;-1;
;PATFUEL;TCOKEOVS;sesofos;fesoi;tdfossoi;0;
;BKB;TPATFUEL;pecoal;sesofos;coaltr;0;
;BROWN;TPATFUEL;pecoal;sesofos;coaltr;-1;
;COALTAR;TPATFUEL;pecoal;sesofos;coaltr;0;
;COKCOAL;TPATFUEL;pecoal;sesofos;coaltr;-1;
;GASCOKE;TPATFUEL;pecoal;sesofos;coaltr;0;
;HARDCOAL;TPATFUEL;pecoal;sesofos;coaltr;-1;
;LIGNITE;TPATFUEL;pecoal;sesofos;coaltr;-1;
;OVENCOKE;TPATFUEL;pecoal;sesofos;coaltr;0;
;PATFUEL;TOTIND;sesofos;fesoi;tdfossoi;1;
;PEAT;TPATFUEL;pecoal;sesofos;coaltr;0;
;SUBCOAL;TPATFUEL;pecoal;sesofos;coaltr;-1;
;BIOGASES;TREFINER;segabio;fegai;tdbiogai;-1;
;BLFURGS;TREFINER;segafos;fegai;tdfosgai;-1;
;COKEOVGS;TREFINER;segafos;fegai;tdfosgai;-1;
;GASWKSGS;TREFINER;segafos;fegai;tdfosgai;-1;
;NATGAS;TREFINER;segafos;fegai;tdfosgai;-1;
;NATGAS;TREFINER;pegas;segafos;gastr;-1;
;OGASES;TREFINER;segafos;fegai;tdfosgai;-1;
;ADDITIVE;TRNONSPE;seliqfos;fepet;tdfospet;0;
;AVGAS;TRNONSPE;seliqfos;fepet;tdfospet;0;
;BIODIESEL;TRNONSPE;seliqbio;fepet;tdbiopet;0;
;BIOGASES;TRNONSPE;segabio;fegat;tdbiogat;1;
;BIOGASOL;TRNONSPE;seliqbio;fepet;tdbiopet;0;
;BITUMEN;TRNONSPE;seliqfos;fepet;tdfospet;0;
;BLFURGS;TRNONSPE;segafos;fegat;tdfosgat;1;
;COALTAR;TRNONSPE;seliqfos;fepet;tdfospet;0;
;COKEOVGS;TRNONSPE;segafos;fegat;tdfosgat;1;
;CRNGFEED;TRNONSPE;seliqfos;fepet;tdfospet;0;
;CRUDEOIL;TRNONSPE;seliqfos;fepet;tdfospet;0;
;ELECTR;TRNONSPE;seel;feelt;tdelt;1;
;GASWKSGS;TRNONSPE;segafos;fegat;tdfosgat;1;
;JETGAS;TRNONSPE;seliqfos;fepet;tdfospet;0;
;LPG;TRNONSPE;seliqfos;fepet;tdfospet;0;
;LUBRIC;TRNONSPE;seliqfos;fepet;tdfospet;0;
;NAPHTHA;TRNONSPE;seliqfos;fepet;tdfospet;0;
;NATGAS;TRNONSPE;segafos;fegat;tdfosgat;1;
;NGL;TRNONSPE;seliqfos;fepet;tdfospet;0;
;NONBIODIES;TRNONSPE;seliqfos;fepet;tdfospet;0;
;NONBIOGASO;TRNONSPE;seliqfos;fepet;tdfospet;0;
;NONBIOJETK;TRNONSPE;seliqfos;fepet;tdfospet;0;
;NONCRUDE;TRNONSPE;seliqfos;fepet;tdfospet;0;
;OBIOLIQ;TRNONSPE;seliqbio;fepet;tdbiopet;0;
;OGASES;TRNONSPE;segafos;fegat;tdfosgat;1;
;ONONSPEC;TRNONSPE;seliqfos;fepet;tdfospet;0;
;OTHKERO;TRNONSPE;seliqfos;fepet;tdfospet;0;
;PARWAX;TRNONSPE;seliqfos;fepet;tdfospet;0;
;REFFEEDS;TRNONSPE;seliqfos;fepet;tdfospet;0;
;ADDITIVE;TRNONSPE;seliqfos;fedie;tdfosdie;1;
;AVGAS;TRNONSPE;seliqfos;fedie;tdfosdie;1;
;BIODIESEL;TRNONSPE;seliqbio;fedie;tdbiodie;1;
;BIOGASOL;TRNONSPE;seliqbio;fedie;tdbiodie;1;
;BITUMEN;TRNONSPE;seliqfos;fedie;tdfosdie;1;
;REFINGAS;TRNONSPE;seliqfos;fepet;tdfospet;0;
;COALTAR;TRNONSPE;seliqfos;fedie;tdfosdie;1;
;CRNGFEED;TRNONSPE;seliqfos;fedie;tdfosdie;1;
;CRUDEOIL;TRNONSPE;seliqfos;fedie;tdfosdie;1;
;JETGAS;TRNONSPE;seliqfos;fedie;tdfosdie;1;
;LPG;TRNONSPE;seliqfos;fedie;tdfosdie;1;
;LUBRIC;TRNONSPE;seliqfos;fedie;tdfosdie;1;
;NAPHTHA;TRNONSPE;seliqfos;fedie;tdfosdie;1;
;NGL;TRNONSPE;seliqfos;fedie;tdfosdie;1;
;NONBIODIES;TRNONSPE;seliqfos;fedie;tdfosdie;1;
;NONBIOGASO;TRNONSPE;seliqfos;fedie;tdfosdie;1;
;RESFUEL;TRNONSPE;seliqfos;fepet;tdfospet;0;
;NONBIOJETK;TRNONSPE;seliqfos;fedie;tdfosdie;1;
;NONCRUDE;TRNONSPE;seliqfos;fedie;tdfosdie;1;
;OBIOLIQ;TRNONSPE;seliqbio;fedie;tdbiodie;1;
;ONONSPEC;TRNONSPE;seliqfos;fedie;tdfosdie;1;
;OTHKERO;TRNONSPE;seliqfos;fedie;tdfosdie;1;
;PARWAX;TRNONSPE;seliqfos;fedie;tdfosdie;1;
;REFFEEDS;TRNONSPE;seliqfos;fedie;tdfosdie;1;
;REFINGAS;TRNONSPE;seliqfos;fedie;tdfosdie;1;
;RESFUEL;TRNONSPE;seliqfos;fedie;tdfosdie;1;
;WHITESP;TRNONSPE;seliqfos;fedie;tdfosdie;1;
;WHITESP;TRNONSPE;seliqfos;fepet;tdfospet;0;
